<?xml version="1.0" encoding="UTF-8"?>
<metadata xml:lang="en"><Esri><CreaDate>20160506</CreaDate><CreaTime>17021700</CreaTime><ArcGISFormat>1.0</ArcGISFormat><SyncOnce>FALSE</SyncOnce><DataProperties><lineage><Process ToolSource="c:\program files (x86)\arcgis\desktop10.2\ArcToolbox\Toolboxes\Data Management Tools.tbx\DeleteField" Date="20160506" Time="170217">DeleteField D:\Maggie\WBDSnapshot\NHDPlusCA\NHDPlus18\WBDSnapshot\WBD\WBD_Subwatershed.shp HU_10_DS</Process><Process ToolSource="c:\program files\arcgis\pro\Resources\ArcToolbox\toolboxes\Conversion Tools.tbx\ExportFeatures" Date="20240110" Time="120027">ExportFeatures WBD_Subwatershed X:\GIS\Projects\082-03_MWD_Interoperable_Flows_GIS\Geodata\Vector\hydro_wbd\wbd_subwatershed_selected.shp # NOT_USE_ALIAS "OBJECTID "OBJECTID" true true false 9 Long 0 9,First,#,WBD_Subwatershed,OBJECTID,-1,-1;HUC_8 "HUC_8" true true false 8 Text 0 0,First,#,WBD_Subwatershed,HUC_8,0,8;HUC_10 "HUC_10" true true false 10 Text 0 0,First,#,WBD_Subwatershed,HUC_10,0,10;HUC_12 "HUC_12" true true false 12 Text 0 0,First,#,WBD_Subwatershed,HUC_12,0,12;ACRES "ACRES" true true false 19 Double 0 0,First,#,WBD_Subwatershed,ACRES,-1,-1;NCONTRB_A "NCONTRB_A" true true false 19 Double 0 0,First,#,WBD_Subwatershed,NCONTRB_A,-1,-1;HU_10_GNIS "HU_10_GNIS" true true false 23 Text 0 0,First,#,WBD_Subwatershed,HU_10_GNIS,0,23;HU_12_GNIS "HU_12_GNIS" true true false 23 Text 0 0,First,#,WBD_Subwatershed,HU_12_GNIS,0,23;HU_10_NAME "HU_10_NAME" true true false 80 Text 0 0,First,#,WBD_Subwatershed,HU_10_NAME,0,80;HU_10_MOD "HU_10_MOD" true true false 20 Text 0 0,First,#,WBD_Subwatershed,HU_10_MOD,0,20;HU_10_TYPE "HU_10_TYPE" true true false 1 Text 0 0,First,#,WBD_Subwatershed,HU_10_TYPE,0,1;HU_12_DS "HU_12_DS" true true false 12 Text 0 0,First,#,WBD_Subwatershed,HU_12_DS,0,12;HU_12_NAME "HU_12_NAME" true true false 80 Text 0 0,First,#,WBD_Subwatershed,HU_12_NAME,0,80;HU_12_MOD "HU_12_MOD" true true false 20 Text 0 0,First,#,WBD_Subwatershed,HU_12_MOD,0,20;HU_12_TYPE "HU_12_TYPE" true true false 1 Text 0 0,First,#,WBD_Subwatershed,HU_12_TYPE,0,1;META_ID "META_ID" true true false 4 Text 0 0,First,#,WBD_Subwatershed,META_ID,0,4;STATES "STATES" true true false 20 Text 0 0,First,#,WBD_Subwatershed,STATES,0,20;GlobalID "GlobalID" true true false 38 Text 0 0,First,#,WBD_Subwatershed,GlobalID,0,38;SHAPE_Leng "SHAPE_Leng" true true false 19 Double 0 0,First,#,WBD_Subwatershed,SHAPE_Leng,-1,-1;SHAPE_Area "SHAPE_Area" true true false 19 Double 0 0,First,#,WBD_Subwatershed,SHAPE_Area,-1,-1;GAZ_ID "GAZ_ID" true true false 9 Long 0 9,First,#,WBD_Subwatershed,GAZ_ID,-1,-1" #</Process><Process ToolSource="c:\program files\arcgis\pro\Resources\ArcToolbox\toolboxes\Data Management Tools.tbx\Dissolve" Date="20240110" Time="123733">Dissolve wbd_subwatershed_selected X:\GIS\Projects\082-03_MWD_Interoperable_Flows_GIS\Geodata\Vector\hydro_wbd\wbd_subwatershed_selected_dissolvehuc10.shp HUC_8;HUC_10;HU_10_NAME;HU_10_MOD;HU_10_TYPE;HU_10_GNIS # SINGLE_PART DISSOLVE_LINES #</Process><Process ToolSource="c:\program files\arcgis\pro\Resources\ArcToolbox\toolboxes\Data Management Tools.tbx\UpdateSchema" Date="20240111" Time="160415">UpdateSchema "CIMDATA=&lt;CIMStandardDataConnection xsi:type='typens:CIMStandardDataConnection' xmlns:xsi='http://www.w3.org/2001/XMLSchema-instance' xmlns:xs='http://www.w3.org/2001/XMLSchema' xmlns:typens='http://www.esri.com/schemas/ArcGIS/3.1.0'&gt;&lt;WorkspaceConnectionString&gt;DATABASE=X:\GIS\Projects\082-03_MWD_Interoperable_Flows_GIS\Geodata\Vector\hydro_wbd&lt;/WorkspaceConnectionString&gt;&lt;WorkspaceFactory&gt;Shapefile&lt;/WorkspaceFactory&gt;&lt;Dataset&gt;wbd_subwatershed_selected_dissolvehuc10&lt;/Dataset&gt;&lt;DatasetType&gt;esriDTFeatureClass&lt;/DatasetType&gt;&lt;/CIMStandardDataConnection&gt;" &lt;operationSequence&gt;&lt;workflow&gt;&lt;AddField&gt;&lt;field_name&gt;RiverName&lt;/field_name&gt;&lt;field_type&gt;TEXT&lt;/field_type&gt;&lt;field_length&gt;255&lt;/field_length&gt;&lt;field_is_nullable&gt;False&lt;/field_is_nullable&gt;&lt;field_is_required&gt;False&lt;/field_is_required&gt;&lt;/AddField&gt;&lt;/workflow&gt;&lt;/operationSequence&gt;</Process><Process ToolSource="c:\program files\arcgis\pro\Resources\ArcToolbox\toolboxes\Data Management Tools.tbx\UpdateSchema" Date="20240111" Time="160638">UpdateSchema "CIMDATA=&lt;CIMStandardDataConnection xsi:type='typens:CIMStandardDataConnection' xmlns:xsi='http://www.w3.org/2001/XMLSchema-instance' xmlns:xs='http://www.w3.org/2001/XMLSchema' xmlns:typens='http://www.esri.com/schemas/ArcGIS/3.1.0'&gt;&lt;WorkspaceConnectionString&gt;DATABASE=X:\GIS\Projects\082-03_MWD_Interoperable_Flows_GIS\Geodata\Vector\hydro_wbd&lt;/WorkspaceConnectionString&gt;&lt;WorkspaceFactory&gt;Shapefile&lt;/WorkspaceFactory&gt;&lt;Dataset&gt;wbd_subwatershed_selected_dissolvehuc10&lt;/Dataset&gt;&lt;DatasetType&gt;esriDTFeatureClass&lt;/DatasetType&gt;&lt;/CIMStandardDataConnection&gt;" &lt;operationSequence&gt;&lt;workflow&gt;&lt;AddField&gt;&lt;field_name&gt;RiverJoin&lt;/field_name&gt;&lt;field_type&gt;TEXT&lt;/field_type&gt;&lt;field_length&gt;255&lt;/field_length&gt;&lt;field_is_nullable&gt;False&lt;/field_is_nullable&gt;&lt;field_is_required&gt;False&lt;/field_is_required&gt;&lt;/AddField&gt;&lt;/workflow&gt;&lt;/operationSequence&gt;</Process><Process ToolSource="c:\program files\arcgis\pro\Resources\ArcToolbox\toolboxes\Data Management Tools.tbx\CalculateField" Date="20240111" Time="160704">CalculateField wbd_subwatershed_selected_dissolvehuc10 RiverJoin !RiverName! "Python 3" # Text NO_ENFORCE_DOMAINS</Process><Process ToolSource="c:\program files\arcgis\pro\Resources\ArcToolbox\toolboxes\Data Management Tools.tbx\CalculateField" Date="20240111" Time="160722">CalculateField wbd_subwatershed_selected_dissolvehuc10 RiverName "" "Python 3" # Text NO_ENFORCE_DOMAINS</Process><Process ToolSource="c:\program files\arcgis\pro\Resources\ArcToolbox\toolboxes\Data Management Tools.tbx\CalculateField" Date="20240111" Time="164612">CalculateField wbd_subwatershed_selected_dissolvehuc10 RiverName "Sacramento River" "Python 3" # Text NO_ENFORCE_DOMAINS</Process><Process ToolSource="c:\program files\arcgis\pro\Resources\ArcToolbox\toolboxes\Data Management Tools.tbx\CalculateField" Date="20240111" Time="164701">CalculateField wbd_subwatershed_selected_dissolvehuc10 RiverName "San Joaquin River" "Python 3" # Text NO_ENFORCE_DOMAINS</Process><Process ToolSource="c:\program files\arcgis\pro\Resources\ArcToolbox\toolboxes\Data Management Tools.tbx\CalculateField" Date="20240111" Time="164724">CalculateField wbd_subwatershed_selected_dissolvehuc10 RiverName "Cache Creek" "Python 3" # Text NO_ENFORCE_DOMAINS</Process><Process ToolSource="c:\program files\arcgis\pro\Resources\ArcToolbox\toolboxes\Data Management Tools.tbx\DeleteField" Date="20240111" Time="165349">DeleteField wbd_subwatershed_selected_dissolvehuc10 RiverJoin "Delete Fields"</Process><Process ToolSource="c:\program files\arcgis\pro\Resources\ArcToolbox\toolboxes\Data Management Tools.tbx\CalculateField" Date="20240116" Time="151443">CalculateField wbd_subwatershed_selected_dissolvehuc10 RiverName "Upper San Joaquin River" "Python 3" # Text NO_ENFORCE_DOMAINS</Process><Process ToolSource="c:\program files\arcgis\pro\Resources\ArcToolbox\toolboxes\Data Management Tools.tbx\CalculateField" Date="20240116" Time="151546">CalculateField wbd_subwatershed_selected_dissolvehuc10 RiverName "Kings River" "Python 3" # Text NO_ENFORCE_DOMAINS</Process><Process ToolSource="c:\program files\arcgis\pro\Resources\ArcToolbox\toolboxes\Data Management Tools.tbx\CalculateField" Date="20240116" Time="152045">CalculateField wbd_subwatershed_selected_dissolvehuc10 RiverName "Kern River" "Python 3" # Text NO_ENFORCE_DOMAINS</Process><Process ToolSource="c:\program files\arcgis\pro\Resources\ArcToolbox\toolboxes\Data Management Tools.tbx\Dissolve" Date="20240116" Time="152724">Dissolve wbd_subwatershed_selected_dissolvehuc10 X:\GIS\Projects\082-03_MWD_Interoperable_Flows_GIS\Geodata\Vector\hydro_wbd\wbd_huc10_group_by_river_name.shp RiverName # SINGLE_PART DISSOLVE_LINES #</Process></lineage><itemProps><itemName Sync="TRUE">wbd_huc10_group_by_river_name</itemName><imsContentType Sync="TRUE">002</imsContentType><itemSize Sync="TRUE">0.000</itemSize><itemLocation><linkage Sync="TRUE">file://\\FW-TS01\GIS\GIS\Projects\082-03_MWD_Interoperable_Flows_GIS\Geodata\Vector\hydro_wbd\wbd_huc10_group_by_river_name.shp</linkage><protocol Sync="TRUE">Local Area Network</protocol></itemLocation></itemProps><coordRef><type Sync="TRUE">Geographic</type><geogcsn Sync="TRUE">GCS_North_American_1983</geogcsn><csUnits Sync="TRUE">Angular Unit: Degree (0.017453)</csUnits><peXml Sync="TRUE">&lt;GeographicCoordinateSystem xsi:type='typens:GeographicCoordinateSystem' xmlns:xsi='http://www.w3.org/2001/XMLSchema-instance' xmlns:xs='http://www.w3.org/2001/XMLSchema' xmlns:typens='http://www.esri.com/schemas/ArcGIS/3.1.0'&gt;&lt;WKT&gt;GEOGCS[&amp;quot;GCS_North_American_1983&amp;quot;,DATUM[&amp;quot;D_North_American_1983&amp;quot;,SPHEROID[&amp;quot;GRS_1980&amp;quot;,6378137.0,298.257222101]],PRIMEM[&amp;quot;Greenwich&amp;quot;,0.0],UNIT[&amp;quot;Degree&amp;quot;,0.0174532925199433],AUTHORITY[&amp;quot;EPSG&amp;quot;,4269]]&lt;/WKT&gt;&lt;XOrigin&gt;-400&lt;/XOrigin&gt;&lt;YOrigin&gt;-400&lt;/YOrigin&gt;&lt;XYScale&gt;11258999068426.238&lt;/XYScale&gt;&lt;ZOrigin&gt;-100000&lt;/ZOrigin&gt;&lt;ZScale&gt;10000&lt;/ZScale&gt;&lt;MOrigin&gt;-100000&lt;/MOrigin&gt;&lt;MScale&gt;10000&lt;/MScale&gt;&lt;XYTolerance&gt;8.983152841195215e-09&lt;/XYTolerance&gt;&lt;ZTolerance&gt;0.001&lt;/ZTolerance&gt;&lt;MTolerance&gt;0.001&lt;/MTolerance&gt;&lt;HighPrecision&gt;true&lt;/HighPrecision&gt;&lt;LeftLongitude&gt;-180&lt;/LeftLongitude&gt;&lt;WKID&gt;4269&lt;/WKID&gt;&lt;LatestWKID&gt;4269&lt;/LatestWKID&gt;&lt;/GeographicCoordinateSystem&gt;</peXml></coordRef></DataProperties><SyncDate>20240116</SyncDate><SyncTime>15271900</SyncTime><ModDate>20240116</ModDate><ModTime>15271900</ModTime></Esri><dataIdInfo><envirDesc Sync="TRUE">Microsoft Windows Server 2016 Technical Preview Version 10.0 (Build 20348) ; Esri ArcGIS 13.1.0.41833</envirDesc><dataLang><languageCode value="eng" Sync="TRUE"></languageCode><countryCode value="USA" Sync="TRUE"></countryCode></dataLang><idCitation><resTitle Sync="TRUE">wbd_huc10_group_by_river_name</resTitle><presForm><PresFormCd value="005" Sync="TRUE"></PresFormCd></presForm></idCitation><spatRpType><SpatRepTypCd value="001" Sync="TRUE"></SpatRepTypCd></spatRpType></dataIdInfo><mdLang><languageCode value="eng" Sync="TRUE"></languageCode><countryCode value="USA" Sync="TRUE"></countryCode></mdLang><mdChar><CharSetCd value="004" Sync="TRUE"></CharSetCd></mdChar><distInfo><distFormat><formatName Sync="TRUE">Shapefile</formatName></distFormat><distTranOps><transSize Sync="TRUE">0.000</transSize></distTranOps></distInfo><mdHrLv><ScopeCd value="005" Sync="TRUE"></ScopeCd></mdHrLv><mdHrLvName Sync="TRUE">dataset</mdHrLvName><refSysInfo><RefSystem><refSysID><identCode code="4269" Sync="TRUE"></identCode><idCodeSpace Sync="TRUE">EPSG</idCodeSpace><idVersion Sync="TRUE">6.5(3.0.1)</idVersion></refSysID></RefSystem></refSysInfo><spatRepInfo><VectSpatRep><geometObjs Name="wbd_huc10_group_by_river_name"><geoObjTyp><GeoObjTypCd value="002" Sync="TRUE"></GeoObjTypCd></geoObjTyp><geoObjCnt Sync="TRUE">0</geoObjCnt></geometObjs><topLvl><TopoLevCd value="001" Sync="TRUE"></TopoLevCd></topLvl></VectSpatRep></spatRepInfo><spdoinfo><ptvctinf><esriterm Name="wbd_huc10_group_by_river_name"><efeatyp Sync="TRUE">Simple</efeatyp><efeageom code="4" Sync="TRUE"></efeageom><esritopo Sync="TRUE">FALSE</esritopo><efeacnt Sync="TRUE">0</efeacnt><spindex Sync="TRUE">FALSE</spindex><linrefer Sync="TRUE">FALSE</linrefer></esriterm></ptvctinf></spdoinfo><eainfo><detailed Name="wbd_huc10_group_by_river_name"><enttyp><enttypl Sync="TRUE">wbd_huc10_group_by_river_name</enttypl><enttypt Sync="TRUE">Feature Class</enttypt><enttypc Sync="TRUE">0</enttypc></enttyp><attr><attrlabl Sync="TRUE">FID</attrlabl><attalias Sync="TRUE">FID</attalias><attrtype Sync="TRUE">OID</attrtype><attwidth Sync="TRUE">4</attwidth><atprecis Sync="TRUE">0</atprecis><attscale Sync="TRUE">0</attscale><attrdef Sync="TRUE">Internal feature number.</attrdef><attrdefs Sync="TRUE">Esri</attrdefs><attrdomv><udom Sync="TRUE">Sequential unique whole numbers that are automatically generated.</udom></attrdomv></attr><attr><attrlabl Sync="TRUE">Shape</attrlabl><attalias Sync="TRUE">Shape</attalias><attrtype Sync="TRUE">Geometry</attrtype><attwidth Sync="TRUE">0</attwidth><atprecis Sync="TRUE">0</atprecis><attscale Sync="TRUE">0</attscale><attrdef Sync="TRUE">Feature geometry.</attrdef><attrdefs Sync="TRUE">Esri</attrdefs><attrdomv><udom Sync="TRUE">Coordinates defining the features.</udom></attrdomv></attr><attr><attrlabl Sync="TRUE">RiverName</attrlabl><attalias Sync="TRUE">RiverName</attalias><attrtype Sync="TRUE">String</attrtype><attwidth Sync="TRUE">254</attwidth><atprecis Sync="TRUE">0</atprecis><attscale Sync="TRUE">0</attscale></attr></detailed></eainfo><mdDateSt Sync="TRUE">20240116</mdDateSt></metadata>
