<metadata xml:lang="en"><Esri><CreaDate>20230202</CreaDate><CreaTime>15204900</CreaTime><ArcGISFormat>1.0</ArcGISFormat><SyncOnce>FALSE</SyncOnce><DataProperties><itemProps><itemLocation><linkage Sync="TRUE">file://\\192.168.37.199\Shares\GIS\Projects\005-02_DeltaScience_R_to_R_GIS\Geodata\Gradients\Vector\habitat_extents_combined_gradients_v3.shp</linkage><protocol Sync="TRUE">Local Area Network</protocol></itemLocation><itemName Sync="TRUE">habitat_extents_combined_gradients_v3</itemName><imsContentType Sync="TRUE">002</imsContentType><itemSize Sync="TRUE">0.000</itemSize></itemProps><copyHistory><copy source="Z:\GIS\Projects\005-02_DeltaScience_R_to_R_GIS\Geodata\Gradients\Salmonid_Habitat_Extents_Gradient_Split" dest="\\192.168.37.199\Shares\GIS\Projects\005-02_DeltaScience_R_to_R_GIS\Geodata\Gradients\Vector\Salmonid_Habitat_Extents_Gradient_Split" date="20230202" time="15204900"></copy></copyHistory><lineage><Process ToolSource="c:\program files (x86)\arcgis\desktop10.5\ArcToolbox\Toolboxes\Data Management Tools.tbx\CalculateField" Date="20171106" Time="152533">CalculateField "habitat extent" Species "Fall Run Chinook" VB #</Process><Process ToolSource="c:\program files (x86)\arcgis\desktop10.5\ArcToolbox\Toolboxes\Data Management Tools.tbx\CalculateField" Date="20171115" Time="124512">CalculateField "habitat extent" Source "Clint Garman" VB #</Process><Process ToolSource="c:\program files\arcgis\pro\Resources\ArcToolbox\toolboxes\Data Management Tools.tbx\CalculateField" Date="20210527" Time="102031">CalculateField salmonid_habitat_extent_fall_run Species "Late-Fall Run Chinook" "Python 3" # Text</Process><Process ToolSource="c:\program files\arcgis\pro\Resources\ArcToolbox\toolboxes\Data Management Tools.tbx\CalculateField" Date="20210527" Time="102935">CalculateField salmonid_habitat_extent_fall_run Species "Late-Fall Run Chinook" "Python 3" # Text</Process><Process ToolSource="c:\program files\arcgis\pro\Resources\ArcToolbox\toolboxes\Data Management Tools.tbx\CalculateGeometryAttributes" Date="20210528" Time="114502">CalculateGeometryAttributes "salmonid_habitat_extent (All)" "miles LENGTH" "Miles (United States)" # PROJCS['NAD_1983_California_Teale_Albers',GEOGCS['GCS_North_American_1983',DATUM['D_North_American_1983',SPHEROID['GRS_1980',6378137.0,298.257222101]],PRIMEM['Greenwich',0.0],UNIT['Degree',0.0174532925199433]],PROJECTION['Albers'],PARAMETER['False_Easting',0.0],PARAMETER['False_Northing',-4000000.0],PARAMETER['Central_Meridian',-120.0],PARAMETER['Standard_Parallel_1',34.0],PARAMETER['Standard_Parallel_2',40.5],PARAMETER['Latitude_Of_Origin',0.0],UNIT['Meter',1.0]] "Same as input"</Process><Process ToolSource="c:\program files\arcgis\pro\Resources\ArcToolbox\toolboxes\Data Management Tools.tbx\CalculateGeometryAttributes" Date="20210607" Time="094312">CalculateGeometryAttributes "salmonid_habitat_extent (All)" "miles LENGTH" "Miles (United States)" # PROJCS['NAD_1983_California_Teale_Albers',GEOGCS['GCS_North_American_1983',DATUM['D_North_American_1983',SPHEROID['GRS_1980',6378137.0,298.257222101]],PRIMEM['Greenwich',0.0],UNIT['Degree',0.0174532925199433]],PROJECTION['Albers'],PARAMETER['False_Easting',0.0],PARAMETER['False_Northing',-4000000.0],PARAMETER['Central_Meridian',-120.0],PARAMETER['Standard_Parallel_1',34.0],PARAMETER['Standard_Parallel_2',40.5],PARAMETER['Latitude_Of_Origin',0.0],UNIT['Meter',1.0]] "Same as input"</Process><Process ToolSource="c:\program files\arcgis\pro\Resources\ArcToolbox\toolboxes\Data Management Tools.tbx\CalculateGeometryAttributes" Date="20210607" Time="094341">CalculateGeometryAttributes "salmonid_habitat_extent (All)" "feet LENGTH" "Feet (United States)" # PROJCS['NAD_1983_California_Teale_Albers',GEOGCS['GCS_North_American_1983',DATUM['D_North_American_1983',SPHEROID['GRS_1980',6378137.0,298.257222101]],PRIMEM['Greenwich',0.0],UNIT['Degree',0.0174532925199433]],PROJECTION['Albers'],PARAMETER['False_Easting',0.0],PARAMETER['False_Northing',-4000000.0],PARAMETER['Central_Meridian',-120.0],PARAMETER['Standard_Parallel_1',34.0],PARAMETER['Standard_Parallel_2',40.5],PARAMETER['Latitude_Of_Origin',0.0],UNIT['Meter',1.0]] "Same as input"</Process><Process ToolSource="c:\program files\arcgis\pro\Resources\ArcToolbox\toolboxes\Data Management Tools.tbx\CalculateGeometryAttributes" Date="20210617" Time="123726">CalculateGeometryAttributes "Steelhead Habitat Extents\spawning_habitat_extent" "miles LENGTH" "Miles (United States)" # PROJCS['NAD_1983_California_Teale_Albers',GEOGCS['GCS_North_American_1983',DATUM['D_North_American_1983',SPHEROID['GRS_1980',6378137.0,298.257222101]],PRIMEM['Greenwich',0.0],UNIT['Degree',0.0174532925199433]],PROJECTION['Albers'],PARAMETER['False_Easting',0.0],PARAMETER['False_Northing',-4000000.0],PARAMETER['Central_Meridian',-120.0],PARAMETER['Standard_Parallel_1',34.0],PARAMETER['Standard_Parallel_2',40.5],PARAMETER['Latitude_Of_Origin',0.0],UNIT['Meter',1.0]] "Same as input"</Process><Process ToolSource="c:\program files\arcgis\pro\Resources\ArcToolbox\toolboxes\Data Management Tools.tbx\CalculateGeometryAttributes" Date="20210617" Time="123751">CalculateGeometryAttributes "Steelhead Habitat Extents\spawning_habitat_extent" "feet LENGTH" "Feet (United States)" # PROJCS['NAD_1983_California_Teale_Albers',GEOGCS['GCS_North_American_1983',DATUM['D_North_American_1983',SPHEROID['GRS_1980',6378137.0,298.257222101]],PRIMEM['Greenwich',0.0],UNIT['Degree',0.0174532925199433]],PROJECTION['Albers'],PARAMETER['False_Easting',0.0],PARAMETER['False_Northing',-4000000.0],PARAMETER['Central_Meridian',-120.0],PARAMETER['Standard_Parallel_1',34.0],PARAMETER['Standard_Parallel_2',40.5],PARAMETER['Latitude_Of_Origin',0.0],UNIT['Meter',1.0]] "Same as input"</Process><Process ToolSource="c:\program files\arcgis\pro\Resources\ArcToolbox\toolboxes\Data Management Tools.tbx\CalculateGeometryAttributes" Date="20210617" Time="123842">CalculateGeometryAttributes "salmonid_habitat_extent (All)" "miles LENGTH" "Miles (United States)" # PROJCS['NAD_1983_California_Teale_Albers',GEOGCS['GCS_North_American_1983',DATUM['D_North_American_1983',SPHEROID['GRS_1980',6378137.0,298.257222101]],PRIMEM['Greenwich',0.0],UNIT['Degree',0.0174532925199433]],PROJECTION['Albers'],PARAMETER['False_Easting',0.0],PARAMETER['False_Northing',-4000000.0],PARAMETER['Central_Meridian',-120.0],PARAMETER['Standard_Parallel_1',34.0],PARAMETER['Standard_Parallel_2',40.5],PARAMETER['Latitude_Of_Origin',0.0],UNIT['Meter',1.0]] "Same as input"</Process><Process ToolSource="c:\program files\arcgis\pro\Resources\ArcToolbox\toolboxes\Data Management Tools.tbx\CalculateGeometryAttributes" Date="20210617" Time="123908">CalculateGeometryAttributes "salmonid_habitat_extent (All)" "feet LENGTH" "Feet (United States)" # PROJCS['NAD_1983_California_Teale_Albers',GEOGCS['GCS_North_American_1983',DATUM['D_North_American_1983',SPHEROID['GRS_1980',6378137.0,298.257222101]],PRIMEM['Greenwich',0.0],UNIT['Degree',0.0174532925199433]],PROJECTION['Albers'],PARAMETER['False_Easting',0.0],PARAMETER['False_Northing',-4000000.0],PARAMETER['Central_Meridian',-120.0],PARAMETER['Standard_Parallel_1',34.0],PARAMETER['Standard_Parallel_2',40.5],PARAMETER['Latitude_Of_Origin',0.0],UNIT['Meter',1.0]] "Same as input"</Process><Process ToolSource="c:\program files\arcgis\pro\Resources\ArcToolbox\toolboxes\Data Management Tools.tbx\CalculateGeometryAttributes" Date="20210630" Time="102947">CalculateGeometryAttributes "salmonid_habitat_extent (All)" "miles LENGTH" "Miles (United States)" # PROJCS['NAD_1983_California_Teale_Albers',GEOGCS['GCS_North_American_1983',DATUM['D_North_American_1983',SPHEROID['GRS_1980',6378137.0,298.257222101]],PRIMEM['Greenwich',0.0],UNIT['Degree',0.0174532925199433]],PROJECTION['Albers'],PARAMETER['False_Easting',0.0],PARAMETER['False_Northing',-4000000.0],PARAMETER['Central_Meridian',-120.0],PARAMETER['Standard_Parallel_1',34.0],PARAMETER['Standard_Parallel_2',40.5],PARAMETER['Latitude_Of_Origin',0.0],UNIT['Meter',1.0]] "Same as input"</Process><Process ToolSource="c:\program files\arcgis\pro\Resources\ArcToolbox\toolboxes\Data Management Tools.tbx\CalculateGeometryAttributes" Date="20210630" Time="103024">CalculateGeometryAttributes "salmonid_habitat_extent (All)" "feet LENGTH" "Feet (United States)" # PROJCS['NAD_1983_California_Teale_Albers',GEOGCS['GCS_North_American_1983',DATUM['D_North_American_1983',SPHEROID['GRS_1980',6378137.0,298.257222101]],PRIMEM['Greenwich',0.0],UNIT['Degree',0.0174532925199433]],PROJECTION['Albers'],PARAMETER['False_Easting',0.0],PARAMETER['False_Northing',-4000000.0],PARAMETER['Central_Meridian',-120.0],PARAMETER['Standard_Parallel_1',34.0],PARAMETER['Standard_Parallel_2',40.5],PARAMETER['Latitude_Of_Origin',0.0],UNIT['Meter',1.0]] "Same as input"</Process><Process ToolSource="c:\program files\arcgis\pro\Resources\ArcToolbox\toolboxes\Data Management Tools.tbx\UpdateSchema" Date="20220916" Time="100928">UpdateSchema "CIMDATA=&lt;CIMStandardDataConnection xsi:type='typens:CIMStandardDataConnection' xmlns:xsi='http://www.w3.org/2001/XMLSchema-instance' xmlns:xs='http://www.w3.org/2001/XMLSchema' xmlns:typens='http://www.esri.com/schemas/ArcGIS/3.0.0'&gt;&lt;WorkspaceConnectionString&gt;DATABASE=Z:\GIS\Projects\005-02_DeltaScience_R_to_R_GIS\Geodata\Vector\habitat_spawning\salmonid_habitat_extents&lt;/WorkspaceConnectionString&gt;&lt;WorkspaceFactory&gt;Shapefile&lt;/WorkspaceFactory&gt;&lt;Dataset&gt;salmonid_habitat_extents.shp&lt;/Dataset&gt;&lt;DatasetType&gt;esriDTFeatureClass&lt;/DatasetType&gt;&lt;/CIMStandardDataConnection&gt;" &lt;operationSequence&gt;&lt;workflow&gt;&lt;AddField&gt;&lt;field_name&gt;lengthkm&lt;/field_name&gt;&lt;field_type&gt;DOUBLE&lt;/field_type&gt;&lt;field_is_nullable&gt;False&lt;/field_is_nullable&gt;&lt;field_is_required&gt;False&lt;/field_is_required&gt;&lt;/AddField&gt;&lt;/workflow&gt;&lt;/operationSequence&gt;</Process><Process ToolSource="c:\program files\arcgis\pro\Resources\ArcToolbox\toolboxes\Data Management Tools.tbx\CalculateGeometryAttributes" Date="20220916" Time="100956">CalculateGeometryAttributes salmonid_habitat_extents "lengthkm LENGTH" Kilometers # PROJCS["NAD_1983_California_Teale_Albers",GEOGCS["GCS_North_American_1983",DATUM["D_North_American_1983",SPHEROID["GRS_1980",6378137.0,298.257222101]],PRIMEM["Greenwich",0.0],UNIT["Degree",0.0174532925199433]],PROJECTION["Albers"],PARAMETER["False_Easting",0.0],PARAMETER["False_Northing",-4000000.0],PARAMETER["Central_Meridian",-120.0],PARAMETER["Standard_Parallel_1",34.0],PARAMETER["Standard_Parallel_2",40.5],PARAMETER["Latitude_Of_Origin",0.0],UNIT["Meter",1.0]] "Same as input"</Process><Process ToolSource="c:\program files\arcgis\pro\Resources\ArcToolbox\toolboxes\Data Management Tools.tbx\CalculateGeometryAttributes" Date="20220916" Time="102549">CalculateGeometryAttributes salmonid_habitat_extents "lengthkm LENGTH" Kilometers # PROJCS["NAD_1983_California_Teale_Albers",GEOGCS["GCS_North_American_1983",DATUM["D_North_American_1983",SPHEROID["GRS_1980",6378137.0,298.257222101]],PRIMEM["Greenwich",0.0],UNIT["Degree",0.0174532925199433]],PROJECTION["Albers"],PARAMETER["False_Easting",0.0],PARAMETER["False_Northing",-4000000.0],PARAMETER["Central_Meridian",-120.0],PARAMETER["Standard_Parallel_1",34.0],PARAMETER["Standard_Parallel_2",40.5],PARAMETER["Latitude_Of_Origin",0.0],UNIT["Meter",1.0]] "Same as input"</Process><Process ToolSource="c:\program files\arcgis\pro\Resources\ArcToolbox\toolboxes\Data Management Tools.tbx\CalculateGeometryAttributes" Date="20220916" Time="104600">CalculateGeometryAttributes salmonid_habitat_extents "lengthkm LENGTH" Kilometers # PROJCS["NAD_1983_California_Teale_Albers",GEOGCS["GCS_North_American_1983",DATUM["D_North_American_1983",SPHEROID["GRS_1980",6378137.0,298.257222101]],PRIMEM["Greenwich",0.0],UNIT["Degree",0.0174532925199433]],PROJECTION["Albers"],PARAMETER["False_Easting",0.0],PARAMETER["False_Northing",-4000000.0],PARAMETER["Central_Meridian",-120.0],PARAMETER["Standard_Parallel_1",34.0],PARAMETER["Standard_Parallel_2",40.5],PARAMETER["Latitude_Of_Origin",0.0],UNIT["Meter",1.0]] "Same as input"</Process><Process ToolSource="c:\program files\arcgis\pro\Resources\ArcToolbox\toolboxes\Data Management Tools.tbx\CalculateGeometryAttributes" Date="20221011" Time="115455">CalculateGeometryAttributes salmonid_habitat_extents "lengthkm LENGTH" Kilometers # PROJCS["NAD_1983_California_Teale_Albers",GEOGCS["GCS_North_American_1983",DATUM["D_North_American_1983",SPHEROID["GRS_1980",6378137.0,298.257222101]],PRIMEM["Greenwich",0.0],UNIT["Degree",0.0174532925199433]],PROJECTION["Albers"],PARAMETER["False_Easting",0.0],PARAMETER["False_Northing",-4000000.0],PARAMETER["Central_Meridian",-120.0],PARAMETER["Standard_Parallel_1",34.0],PARAMETER["Standard_Parallel_2",40.5],PARAMETER["Latitude_Of_Origin",0.0],UNIT["Meter",1.0]] "Same as input"</Process><Process ToolSource="c:\program files\arcgis\pro\Resources\ArcToolbox\toolboxes\Data Management Tools.tbx\CalculateGeometryAttributes" Date="20221011" Time="160739">CalculateGeometryAttributes salmonid_habitat_extents "lengthkm LENGTH" Kilometers # PROJCS["NAD_1983_California_Teale_Albers",GEOGCS["GCS_North_American_1983",DATUM["D_North_American_1983",SPHEROID["GRS_1980",6378137.0,298.257222101]],PRIMEM["Greenwich",0.0],UNIT["Degree",0.0174532925199433]],PROJECTION["Albers"],PARAMETER["False_Easting",0.0],PARAMETER["False_Northing",-4000000.0],PARAMETER["Central_Meridian",-120.0],PARAMETER["Standard_Parallel_1",34.0],PARAMETER["Standard_Parallel_2",40.5],PARAMETER["Latitude_Of_Origin",0.0],UNIT["Meter",1.0]] "Same as input"</Process><Process ToolSource="c:\program files\arcgis\pro\Resources\ArcToolbox\toolboxes\Conversion Tools.tbx\ExportFeatures" Date="20230202" Time="143555">ExportFeatures salmonid_habitat_extents Z:\GIS\Projects\005-02_DeltaScience_R_to_R_GIS\Geodata\Vector\Above_Dam_Extents\Salmonid_Habitat_Extents_Gradient_Split.shp # NOT_USE_ALIAS "Id "Id" true true false 6 Long 0 6,First,#,salmonid_habitat_extents,Id,-1,-1;River "River" true true false 50 Text 0 0,First,#,salmonid_habitat_extents,River,0,50;Habitat "Habitat" true true false 50 Text 0 0,First,#,salmonid_habitat_extents,Habitat,0,50;miles "miles" true true false 19 Double 0 0,First,#,salmonid_habitat_extents,miles,-1,-1;feet "feet" true true false 19 Double 0 0,First,#,salmonid_habitat_extents,feet,-1,-1;Source "Source" true true false 50 Text 0 0,First,#,salmonid_habitat_extents,Source,0,50;Species "Species" true true false 50 Text 0 0,First,#,salmonid_habitat_extents,Species,0,50;lengthkm "lengthkm" true true false 19 Double 0 0,First,#,salmonid_habitat_extents,lengthkm,-1,-1" #</Process><Process ToolSource="c:\program files\arcgis\pro\Resources\ArcToolbox\Toolboxes\Data Management Tools.tbx\Copy" Date="20230202" Time="145706">Copy Z:\GIS\Projects\005-02_DeltaScience_R_to_R_GIS\Geodata\Vector\Above_Dam_Extents\Salmonid_Habitat_Extents_Gradient_Split.shp Z:\GIS\Projects\005-02_DeltaScience_R_to_R_GIS\Geodata\Gradients\Vector\Salmonid_Habitat_Extents_Gradient_Split.shp Shapefile #</Process><Process ToolSource="c:\program files\arcgis\pro\Resources\ArcToolbox\Toolboxes\Data Management Tools.tbx\Copy" Date="20230202" Time="152036">Copy Z:\GIS\Projects\005-02_DeltaScience_R_to_R_GIS\Geodata\Gradients\Vector\Salmonid_Habitat_Extents_Gradient_Split.shp Z:\GIS\Projects\005-02_DeltaScience_R_to_R_GIS\Geodata\Vector\Above_Dam_Extents\Salmonid_Habitat_Extents_Gradient_Split.shp Shapefile #</Process><Process ToolSource="c:\program files\arcgis\pro\Resources\ArcToolbox\Toolboxes\Data Management Tools.tbx\Copy" Date="20230202" Time="152044">Copy Z:\GIS\Projects\005-02_DeltaScience_R_to_R_GIS\Geodata\Vector\Above_Dam_Extents\Salmonid_Habitat_Extents_Gradient_Split.shp Z:\GIS\Projects\005-02_DeltaScience_R_to_R_GIS\Geodata\Gradients\Salmonid_Habitat_Extents_Gradient_Split.shp Shapefile #</Process><Process ToolSource="c:\program files\arcgis\pro\Resources\ArcToolbox\Toolboxes\Data Management Tools.tbx\Copy" Date="20230202" Time="152049">Copy Z:\GIS\Projects\005-02_DeltaScience_R_to_R_GIS\Geodata\Gradients\Salmonid_Habitat_Extents_Gradient_Split.shp Z:\GIS\Projects\005-02_DeltaScience_R_to_R_GIS\Geodata\Gradients\Vector\Salmonid_Habitat_Extents_Gradient_Split.shp Shapefile #</Process><Process ToolSource="c:\program files\arcgis\pro\Resources\ArcToolbox\Toolboxes\Data Management Tools.tbx\UpdateSchema" Date="20230202" Time="153036">UpdateSchema "CIMDATA=&lt;CIMStandardDataConnection xsi:type='typens:CIMStandardDataConnection' xmlns:xsi='http://www.w3.org/2001/XMLSchema-instance' xmlns:xs='http://www.w3.org/2001/XMLSchema' xmlns:typens='http://www.esri.com/schemas/ArcGIS/3.0.0'&gt;&lt;WorkspaceConnectionString&gt;DATABASE=Z:\GIS\Projects\005-02_DeltaScience_R_to_R_GIS\Geodata\Gradients\Vector&lt;/WorkspaceConnectionString&gt;&lt;WorkspaceFactory&gt;Shapefile&lt;/WorkspaceFactory&gt;&lt;Dataset&gt;Salmonid_Habitat_Extents_Gradient_Split.shp&lt;/Dataset&gt;&lt;DatasetType&gt;esriDTFeatureClass&lt;/DatasetType&gt;&lt;/CIMStandardDataConnection&gt;" &lt;operationSequence&gt;&lt;workflow&gt;&lt;AddField&gt;&lt;field_name&gt;Split&lt;/field_name&gt;&lt;field_type&gt;TEXT&lt;/field_type&gt;&lt;field_length&gt;255&lt;/field_length&gt;&lt;field_is_nullable&gt;False&lt;/field_is_nullable&gt;&lt;field_is_required&gt;False&lt;/field_is_required&gt;&lt;/AddField&gt;&lt;/workflow&gt;&lt;/operationSequence&gt;</Process><Process ToolSource="c:\program files\arcgis\pro\Resources\ArcToolbox\toolboxes\Data Management Tools.tbx\CalculateField" Date="20230202" Time="153147">CalculateField Salmonid_Habitat_Extents_Gradient_Split Split "Valley Lowland" "Python 3" # Text NO_ENFORCE_DOMAINS</Process><Process ToolSource="c:\program files\arcgis\pro\Resources\ArcToolbox\toolboxes\Data Management Tools.tbx\CalculateField" Date="20230202" Time="153205">CalculateField Salmonid_Habitat_Extents_Gradient_Split Split "Valley Foothill" "Python 3" # Text NO_ENFORCE_DOMAINS</Process><Process ToolSource="c:\program files\arcgis\pro\Resources\ArcToolbox\toolboxes\Data Management Tools.tbx\CalculateField" Date="20230202" Time="153345">CalculateField Salmonid_Habitat_Extents_Gradient_Split Split "Valley Lowland" "Python 3" # Text NO_ENFORCE_DOMAINS</Process><Process ToolSource="c:\program files\arcgis\pro\Resources\ArcToolbox\toolboxes\Data Management Tools.tbx\CalculateField" Date="20230202" Time="153400">CalculateField Salmonid_Habitat_Extents_Gradient_Split Split "Valley Foothill" "Python 3" # Text NO_ENFORCE_DOMAINS</Process><Process ToolSource="c:\program files\arcgis\pro\Resources\ArcToolbox\toolboxes\Data Management Tools.tbx\CalculateField" Date="20230202" Time="153622">CalculateField Salmonid_Habitat_Extents_Gradient_Split Split "Valley Lowland" "Python 3" # Text NO_ENFORCE_DOMAINS</Process><Process ToolSource="c:\program files\arcgis\pro\Resources\ArcToolbox\toolboxes\Data Management Tools.tbx\CalculateField" Date="20230202" Time="153645">CalculateField Salmonid_Habitat_Extents_Gradient_Split Split "Valley Foothill" "Python 3" # Text NO_ENFORCE_DOMAINS</Process><Process ToolSource="c:\program files\arcgis\pro\Resources\ArcToolbox\toolboxes\Data Management Tools.tbx\CalculateField" Date="20230202" Time="153826">CalculateField Salmonid_Habitat_Extents_Gradient_Split Split "Valley Lowland" "Python 3" # Text NO_ENFORCE_DOMAINS</Process><Process ToolSource="c:\program files\arcgis\pro\Resources\ArcToolbox\toolboxes\Data Management Tools.tbx\CalculateField" Date="20230202" Time="153847">CalculateField Salmonid_Habitat_Extents_Gradient_Split Split "Valley Foothill" "Python 3" # Text NO_ENFORCE_DOMAINS</Process><Process ToolSource="c:\program files\arcgis\pro\Resources\ArcToolbox\toolboxes\Data Management Tools.tbx\CalculateField" Date="20230202" Time="154037">CalculateField Salmonid_Habitat_Extents_Gradient_Split Split "Valley Lowland" "Python 3" # Text NO_ENFORCE_DOMAINS</Process><Process ToolSource="c:\program files\arcgis\pro\Resources\ArcToolbox\toolboxes\Data Management Tools.tbx\CalculateField" Date="20230202" Time="154057">CalculateField Salmonid_Habitat_Extents_Gradient_Split Split "Valley Foothill" "Python 3" # Text NO_ENFORCE_DOMAINS</Process><Process ToolSource="c:\program files\arcgis\pro\Resources\ArcToolbox\toolboxes\Data Management Tools.tbx\CalculateField" Date="20230202" Time="154215">CalculateField Salmonid_Habitat_Extents_Gradient_Split Split "Valley Lowland" "Python 3" # Text NO_ENFORCE_DOMAINS</Process><Process ToolSource="c:\program files\arcgis\pro\Resources\ArcToolbox\toolboxes\Data Management Tools.tbx\CalculateField" Date="20230202" Time="154231">CalculateField Salmonid_Habitat_Extents_Gradient_Split Split "Valley Foothill" "Python 3" # Text NO_ENFORCE_DOMAINS</Process><Process ToolSource="c:\program files\arcgis\pro\Resources\ArcToolbox\toolboxes\Data Management Tools.tbx\CalculateField" Date="20230202" Time="154557">CalculateField Salmonid_Habitat_Extents_Gradient_Split Split "Valley Lowland" "Python 3" # Text NO_ENFORCE_DOMAINS</Process><Process ToolSource="c:\program files\arcgis\pro\Resources\ArcToolbox\toolboxes\Data Management Tools.tbx\CalculateField" Date="20230202" Time="154614">CalculateField Salmonid_Habitat_Extents_Gradient_Split Split "Valley Foothill" "Python 3" # Text NO_ENFORCE_DOMAINS</Process><Process ToolSource="c:\program files\arcgis\pro\Resources\ArcToolbox\toolboxes\Data Management Tools.tbx\CalculateField" Date="20230202" Time="154732">CalculateField Salmonid_Habitat_Extents_Gradient_Split Split "Valley Lowland" "Python 3" # Text NO_ENFORCE_DOMAINS</Process><Process ToolSource="c:\program files\arcgis\pro\Resources\ArcToolbox\toolboxes\Data Management Tools.tbx\CalculateField" Date="20230202" Time="154749">CalculateField Salmonid_Habitat_Extents_Gradient_Split Split "Valley Foothill" "Python 3" # Text NO_ENFORCE_DOMAINS</Process><Process ToolSource="c:\program files\arcgis\pro\Resources\ArcToolbox\toolboxes\Data Management Tools.tbx\CalculateField" Date="20230202" Time="154859">CalculateField Salmonid_Habitat_Extents_Gradient_Split Split "Valley Foothill" "Python 3" # Text NO_ENFORCE_DOMAINS</Process><Process ToolSource="c:\program files\arcgis\pro\Resources\ArcToolbox\toolboxes\Data Management Tools.tbx\CalculateField" Date="20230202" Time="155023">CalculateField Salmonid_Habitat_Extents_Gradient_Split Split "Valley Foothill" "Python 3" # Text NO_ENFORCE_DOMAINS</Process><Process ToolSource="c:\program files\arcgis\pro\Resources\ArcToolbox\toolboxes\Data Management Tools.tbx\CalculateField" Date="20230202" Time="155221">CalculateField Salmonid_Habitat_Extents_Gradient_Split Split "Valley Lowland" "Python 3" # Text NO_ENFORCE_DOMAINS</Process><Process ToolSource="c:\program files\arcgis\pro\Resources\ArcToolbox\toolboxes\Data Management Tools.tbx\CalculateField" Date="20230202" Time="155313">CalculateField Salmonid_Habitat_Extents_Gradient_Split Split "Valley Foothill" "Python 3" # Text NO_ENFORCE_DOMAINS</Process><Process ToolSource="c:\program files\arcgis\pro\Resources\ArcToolbox\toolboxes\Data Management Tools.tbx\CalculateField" Date="20230202" Time="155432">CalculateField Salmonid_Habitat_Extents_Gradient_Split Split "Valley Foothill" "Python 3" # Text NO_ENFORCE_DOMAINS</Process><Process ToolSource="c:\program files\arcgis\pro\Resources\ArcToolbox\toolboxes\Data Management Tools.tbx\CalculateField" Date="20230202" Time="155511">CalculateField Salmonid_Habitat_Extents_Gradient_Split Split "Valley Lowland" "Python 3" # Text NO_ENFORCE_DOMAINS</Process><Process ToolSource="c:\program files\arcgis\pro\Resources\ArcToolbox\toolboxes\Data Management Tools.tbx\CalculateField" Date="20230202" Time="155530">CalculateField Salmonid_Habitat_Extents_Gradient_Split Split "Valley Foothill" "Python 3" # Text NO_ENFORCE_DOMAINS</Process><Process ToolSource="c:\program files\arcgis\pro\Resources\ArcToolbox\toolboxes\Data Management Tools.tbx\CalculateField" Date="20230202" Time="155813">CalculateField Salmonid_Habitat_Extents_Gradient_Split Split "Valley Lowland" "Python 3" # Text NO_ENFORCE_DOMAINS</Process><Process ToolSource="c:\program files\arcgis\pro\Resources\ArcToolbox\toolboxes\Data Management Tools.tbx\CalculateField" Date="20230202" Time="155908">CalculateField Salmonid_Habitat_Extents_Gradient_Split Split "Valley Foothill" "Python 3" # Text NO_ENFORCE_DOMAINS</Process><Process ToolSource="c:\program files\arcgis\pro\Resources\ArcToolbox\toolboxes\Data Management Tools.tbx\CalculateField" Date="20230202" Time="155943">CalculateField Salmonid_Habitat_Extents_Gradient_Split Split "Valley Lowland" "Python 3" # Text NO_ENFORCE_DOMAINS</Process><Process ToolSource="c:\program files\arcgis\pro\Resources\ArcToolbox\toolboxes\Data Management Tools.tbx\CalculateField" Date="20230202" Time="160136">CalculateField Salmonid_Habitat_Extents_Gradient_Split Split "Valley Foothill" "Python 3" # Text NO_ENFORCE_DOMAINS</Process><Process ToolSource="c:\program files\arcgis\pro\Resources\ArcToolbox\toolboxes\Data Management Tools.tbx\CalculateField" Date="20230202" Time="160237">CalculateField Salmonid_Habitat_Extents_Gradient_Split Split "Valley Foothill" "Python 3" # Text NO_ENFORCE_DOMAINS</Process><Process ToolSource="c:\program files\arcgis\pro\Resources\ArcToolbox\toolboxes\Data Management Tools.tbx\CalculateField" Date="20230202" Time="160303">CalculateField Salmonid_Habitat_Extents_Gradient_Split Split "Valley Lowland" "Python 3" # Text NO_ENFORCE_DOMAINS</Process><Process ToolSource="c:\program files\arcgis\pro\Resources\ArcToolbox\toolboxes\Data Management Tools.tbx\CalculateField" Date="20230202" Time="160401">CalculateField Salmonid_Habitat_Extents_Gradient_Split Split "Valley Lowland" "Python 3" # Text NO_ENFORCE_DOMAINS</Process><Process ToolSource="c:\program files\arcgis\pro\Resources\ArcToolbox\toolboxes\Data Management Tools.tbx\CalculateField" Date="20230202" Time="160418">CalculateField Salmonid_Habitat_Extents_Gradient_Split Split "Valley Foothill" "Python 3" # Text NO_ENFORCE_DOMAINS</Process><Process ToolSource="c:\program files\arcgis\pro\Resources\ArcToolbox\toolboxes\Data Management Tools.tbx\CalculateField" Date="20230202" Time="160446">CalculateField Salmonid_Habitat_Extents_Gradient_Split Split "Valley Foothill" "Python 3" # Text NO_ENFORCE_DOMAINS</Process><Process ToolSource="c:\program files\arcgis\pro\Resources\ArcToolbox\toolboxes\Data Management Tools.tbx\CalculateField" Date="20230202" Time="160548">CalculateField Salmonid_Habitat_Extents_Gradient_Split Split "Valley Lowland" "Python 3" # Text NO_ENFORCE_DOMAINS</Process><Process ToolSource="c:\program files\arcgis\pro\Resources\ArcToolbox\toolboxes\Data Management Tools.tbx\CalculateField" Date="20230202" Time="160757">CalculateField Salmonid_Habitat_Extents_Gradient_Split Split "Valley Lowland" "Python 3" # Text NO_ENFORCE_DOMAINS</Process><Process ToolSource="c:\program files\arcgis\pro\Resources\ArcToolbox\toolboxes\Data Management Tools.tbx\CalculateField" Date="20230202" Time="160942">CalculateField Salmonid_Habitat_Extents_Gradient_Split Split "Valley Foothill" "Python 3" # Text NO_ENFORCE_DOMAINS</Process><Process ToolSource="c:\program files\arcgis\pro\Resources\ArcToolbox\toolboxes\Data Management Tools.tbx\Merge" Date="20230202" Time="161527">Merge Salmonid_Habitat_Extents_Gradient_Split;abovedam_river_routes_splitNHDreservoirs Z:\GIS\Projects\005-02_DeltaScience_R_to_R_GIS\Geodata\Vector\Above_Dam_Extents\AboveDamExtents.gdb\Salmonid_Habitat_Extents_Gradient_Split_WithAboveDam "Id "Id" true true false 6 Long 0 6,First,#,Salmonid_Habitat_Extents_Gradient_Split,Id,-1,-1;River "River" true true false 50 Text 0 0,First,#,Salmonid_Habitat_Extents_Gradient_Split,River,0,50;Habitat "Habitat" true true false 50 Text 0 0,First,#,Salmonid_Habitat_Extents_Gradient_Split,Habitat,0,50;miles "miles" true true false 19 Double 0 0,First,#,Salmonid_Habitat_Extents_Gradient_Split,miles,-1,-1;feet "feet" true true false 19 Double 0 0,First,#,Salmonid_Habitat_Extents_Gradient_Split,feet,-1,-1;Source "Source" true true false 50 Text 0 0,First,#,Salmonid_Habitat_Extents_Gradient_Split,Source,0,50;Species "Species" true true false 50 Text 0 0,First,#,Salmonid_Habitat_Extents_Gradient_Split,Species,0,50;lengthkm "lengthkm" true true false 19 Double 0 0,First,#,Salmonid_Habitat_Extents_Gradient_Split,lengthkm,-1,-1;Split "Split" true true false 254 Text 0 0,First,#,Salmonid_Habitat_Extents_Gradient_Split,Split,0,254" NO_SOURCE_INFO</Process><Process ToolSource="c:\program files\arcgis\pro\Resources\ArcToolbox\toolboxes\Data Management Tools.tbx\UpdateSchema" Date="20230202" Time="161715">UpdateSchema "CIMDATA=&lt;CIMStandardDataConnection xsi:type='typens:CIMStandardDataConnection' xmlns:xsi='http://www.w3.org/2001/XMLSchema-instance' xmlns:xs='http://www.w3.org/2001/XMLSchema' xmlns:typens='http://www.esri.com/schemas/ArcGIS/3.0.0'&gt;&lt;WorkspaceConnectionString&gt;DATABASE=Z:\GIS\Projects\005-02_DeltaScience_R_to_R_GIS\Geodata\Vector\Above_Dam_Extents\AboveDamExtents.gdb&lt;/WorkspaceConnectionString&gt;&lt;WorkspaceFactory&gt;FileGDB&lt;/WorkspaceFactory&gt;&lt;Dataset&gt;Salmonid_Habitat_Extents_Gradient_Split_WithAboveDam&lt;/Dataset&gt;&lt;DatasetType&gt;esriDTFeatureClass&lt;/DatasetType&gt;&lt;/CIMStandardDataConnection&gt;" &lt;operationSequence&gt;&lt;workflow&gt;&lt;AddField&gt;&lt;field_name&gt;Dataset&lt;/field_name&gt;&lt;field_type&gt;TEXT&lt;/field_type&gt;&lt;field_length&gt;255&lt;/field_length&gt;&lt;field_is_nullable&gt;True&lt;/field_is_nullable&gt;&lt;field_is_required&gt;False&lt;/field_is_required&gt;&lt;/AddField&gt;&lt;/workflow&gt;&lt;/operationSequence&gt;</Process><Process ToolSource="c:\program files\arcgis\pro\Resources\ArcToolbox\toolboxes\Data Management Tools.tbx\CalculateField" Date="20230202" Time="161754">CalculateField Salmonid_Habitat_Extents_Gradient_Split_WithAboveDam Dataset "SIT" "Python 3" # Text NO_ENFORCE_DOMAINS</Process><Process ToolSource="c:\program files\arcgis\pro\Resources\ArcToolbox\toolboxes\Data Management Tools.tbx\CalculateField" Date="20230202" Time="161819">CalculateField Salmonid_Habitat_Extents_Gradient_Split_WithAboveDam Dataset "Yoshiyama" "Python 3" # Text NO_ENFORCE_DOMAINS</Process><Process ToolSource="c:\program files\arcgis\pro\Resources\ArcToolbox\toolboxes\Data Management Tools.tbx\UpdateSchema" Date="20230202" Time="162220">UpdateSchema "CIMDATA=&lt;CIMStandardDataConnection xsi:type='typens:CIMStandardDataConnection' xmlns:xsi='http://www.w3.org/2001/XMLSchema-instance' xmlns:xs='http://www.w3.org/2001/XMLSchema' xmlns:typens='http://www.esri.com/schemas/ArcGIS/3.0.0'&gt;&lt;WorkspaceConnectionString&gt;DATABASE=Z:\GIS\Projects\005-02_DeltaScience_R_to_R_GIS\Geodata\Vector\Above_Dam_Extents\AboveDamExtents.gdb&lt;/WorkspaceConnectionString&gt;&lt;WorkspaceFactory&gt;FileGDB&lt;/WorkspaceFactory&gt;&lt;Dataset&gt;Salmonid_Habitat_Extents_Gradient_Split_WithAboveDam&lt;/Dataset&gt;&lt;DatasetType&gt;esriDTFeatureClass&lt;/DatasetType&gt;&lt;/CIMStandardDataConnection&gt;" &lt;operationSequence&gt;&lt;workflow&gt;&lt;AddField&gt;&lt;field_name&gt;Linetype&lt;/field_name&gt;&lt;field_type&gt;TEXT&lt;/field_type&gt;&lt;field_length&gt;255&lt;/field_length&gt;&lt;field_is_nullable&gt;True&lt;/field_is_nullable&gt;&lt;field_is_required&gt;False&lt;/field_is_required&gt;&lt;/AddField&gt;&lt;/workflow&gt;&lt;workflow&gt;&lt;AddField&gt;&lt;field_name&gt;Field&lt;/field_name&gt;&lt;field_type&gt;LONG&lt;/field_type&gt;&lt;field_is_nullable&gt;True&lt;/field_is_nullable&gt;&lt;field_is_required&gt;False&lt;/field_is_required&gt;&lt;/AddField&gt;&lt;/workflow&gt;&lt;/operationSequence&gt;</Process><Process ToolSource="c:\program files\arcgis\pro\Resources\ArcToolbox\toolboxes\Data Management Tools.tbx\CalculateField" Date="20230202" Time="162501">CalculateField Salmonid_Habitat_Extents_Gradient_Split_WithAboveDam Linetype "Reservoir" "Python 3" # Text NO_ENFORCE_DOMAINS</Process><Process ToolSource="c:\program files\arcgis\pro\Resources\ArcToolbox\toolboxes\Data Management Tools.tbx\CalculateField" Date="20230202" Time="162607">CalculateField Salmonid_Habitat_Extents_Gradient_Split_WithAboveDam Linetype "Stream" "Python 3" # Text NO_ENFORCE_DOMAINS</Process><Process ToolSource="c:\program files\arcgis\pro\Resources\ArcToolbox\toolboxes\Data Management Tools.tbx\CalculateField" Date="20230202" Time="162905">CalculateField Salmonid_Habitat_Extents_Gradient_Split_WithAboveDam Split "Valley Foothill" "Python 3" # Text NO_ENFORCE_DOMAINS</Process><Process ToolSource="c:\program files\arcgis\pro\Resources\ArcToolbox\toolboxes\Data Management Tools.tbx\CalculateField" Date="20230202" Time="163051">CalculateField Salmonid_Habitat_Extents_Gradient_Split_WithAboveDam Field "Valley Foothill" "Python 3" # Text NO_ENFORCE_DOMAINS</Process><Process ToolSource="c:\program files\arcgis\pro\Resources\ArcToolbox\toolboxes\Data Management Tools.tbx\CalculateField" Date="20230202" Time="163346">CalculateField Salmonid_Habitat_Extents_Gradient_Split_WithAboveDam Split None "Python 3" # Text NO_ENFORCE_DOMAINS</Process><Process ToolSource="c:\program files\arcgis\pro\Resources\ArcToolbox\toolboxes\Data Management Tools.tbx\UpdateSchema" Date="20230202" Time="163651">UpdateSchema "CIMDATA=&lt;CIMStandardDataConnection xsi:type='typens:CIMStandardDataConnection' xmlns:xsi='http://www.w3.org/2001/XMLSchema-instance' xmlns:xs='http://www.w3.org/2001/XMLSchema' xmlns:typens='http://www.esri.com/schemas/ArcGIS/3.0.0'&gt;&lt;WorkspaceConnectionString&gt;DATABASE=Z:\GIS\Projects\005-02_DeltaScience_R_to_R_GIS\Geodata\Vector\Above_Dam_Extents\AboveDamExtents.gdb&lt;/WorkspaceConnectionString&gt;&lt;WorkspaceFactory&gt;FileGDB&lt;/WorkspaceFactory&gt;&lt;Dataset&gt;Salmonid_Habitat_Extents_Gradient_Split_WithAboveDam&lt;/Dataset&gt;&lt;DatasetType&gt;esriDTFeatureClass&lt;/DatasetType&gt;&lt;/CIMStandardDataConnection&gt;" &lt;operationSequence&gt;&lt;workflow&gt;&lt;AddField&gt;&lt;field_name&gt;HqtType&lt;/field_name&gt;&lt;field_type&gt;TEXT&lt;/field_type&gt;&lt;field_length&gt;255&lt;/field_length&gt;&lt;field_is_nullable&gt;True&lt;/field_is_nullable&gt;&lt;field_is_required&gt;False&lt;/field_is_required&gt;&lt;/AddField&gt;&lt;/workflow&gt;&lt;/operationSequence&gt;</Process><Process ToolSource="c:\program files\arcgis\pro\Resources\ArcToolbox\toolboxes\Data Management Tools.tbx\CalculateField" Date="20230202" Time="163719">CalculateField Salmonid_Habitat_Extents_Gradient_Split_WithAboveDam HqtType !Split! "Python 3" # Text NO_ENFORCE_DOMAINS</Process><Process ToolSource="c:\program files\arcgis\pro\Resources\ArcToolbox\toolboxes\Data Management Tools.tbx\DeleteField" Date="20230202" Time="163734">DeleteField Salmonid_Habitat_Extents_Gradient_Split_WithAboveDam Split "Delete Fields"</Process><Process ToolSource="c:\program files\arcgis\pro\Resources\ArcToolbox\toolboxes\Data Management Tools.tbx\CalculateField" Date="20230202" Time="164159">CalculateField "Salmonid_Habitat_Extents_Gradient_Split_WithAboveDam selection" HqtType "Valley Foothill" "Python 3" # Text NO_ENFORCE_DOMAINS</Process><Process ToolSource="c:\program files\arcgis\pro\Resources\ArcToolbox\toolboxes\Data Management Tools.tbx\CalculateField" Date="20230202" Time="164301">CalculateField "Salmonid_Habitat_Extents_Gradient_Split_WithAboveDam selection" HqtType "Valley Lowland" "Python 3" # Text NO_ENFORCE_DOMAINS</Process><Process ToolSource="c:\program files\arcgis\pro\Resources\ArcToolbox\toolboxes\Data Management Tools.tbx\CalculateField" Date="20230202" Time="164601">CalculateField Salmonid_Habitat_Extents_Gradient_Split_WithAboveDam HqtType "Valley Foothill" "Python 3" # Text NO_ENFORCE_DOMAINS</Process><Process ToolSource="c:\program files\arcgis\pro\Resources\ArcToolbox\toolboxes\Data Management Tools.tbx\CalculateGeometryAttributes" Date="20230203" Time="113819">CalculateGeometryAttributes Salmonid_Habitat_Extents_Gradient_Split_WithAboveDam "lengthkm LENGTH" Kilometers # PROJCS["NAD_1983_California_Teale_Albers",GEOGCS["GCS_North_American_1983",DATUM["D_North_American_1983",SPHEROID["GRS_1980",6378137.0,298.257222101]],PRIMEM["Greenwich",0.0],UNIT["Degree",0.0174532925199433]],PROJECTION["Albers"],PARAMETER["False_Easting",0.0],PARAMETER["False_Northing",-4000000.0],PARAMETER["Central_Meridian",-120.0],PARAMETER["Standard_Parallel_1",34.0],PARAMETER["Standard_Parallel_2",40.5],PARAMETER["Latitude_Of_Origin",0.0],UNIT["Meter",1.0]] "Same as input"</Process><Process ToolSource="c:\program files\arcgis\pro\Resources\ArcToolbox\toolboxes\Data Management Tools.tbx\CalculateGeometryAttributes" Date="20230203" Time="114008">CalculateGeometryAttributes Salmonid_Habitat_Extents_Gradient_Split_WithAboveDam "miles LENGTH" "US Survey Miles" # PROJCS["NAD_1983_California_Teale_Albers",GEOGCS["GCS_North_American_1983",DATUM["D_North_American_1983",SPHEROID["GRS_1980",6378137.0,298.257222101]],PRIMEM["Greenwich",0.0],UNIT["Degree",0.0174532925199433]],PROJECTION["Albers"],PARAMETER["False_Easting",0.0],PARAMETER["False_Northing",-4000000.0],PARAMETER["Central_Meridian",-120.0],PARAMETER["Standard_Parallel_1",34.0],PARAMETER["Standard_Parallel_2",40.5],PARAMETER["Latitude_Of_Origin",0.0],UNIT["Meter",1.0]] "Same as input"</Process><Process ToolSource="c:\program files\arcgis\pro\Resources\ArcToolbox\toolboxes\Data Management Tools.tbx\CalculateGeometryAttributes" Date="20230203" Time="114124">CalculateGeometryAttributes Salmonid_Habitat_Extents_Gradient_Split_WithAboveDam "feet LENGTH" "US Survey Feet" # PROJCS["NAD_1983_California_Teale_Albers",GEOGCS["GCS_North_American_1983",DATUM["D_North_American_1983",SPHEROID["GRS_1980",6378137.0,298.257222101]],PRIMEM["Greenwich",0.0],UNIT["Degree",0.0174532925199433]],PROJECTION["Albers"],PARAMETER["False_Easting",0.0],PARAMETER["False_Northing",-4000000.0],PARAMETER["Central_Meridian",-120.0],PARAMETER["Standard_Parallel_1",34.0],PARAMETER["Standard_Parallel_2",40.5],PARAMETER["Latitude_Of_Origin",0.0],UNIT["Meter",1.0]] "Same as input"</Process><Process ToolSource="c:\program files\arcgis\pro\Resources\ArcToolbox\toolboxes\Data Management Tools.tbx\DeleteField" Date="20230203" Time="114310">DeleteField Salmonid_Habitat_Extents_Gradient_Split_WithAboveDam Field "Delete Fields"</Process><Process ToolSource="c:\program files\arcgis\pro\Resources\ArcToolbox\Toolboxes\Data Management Tools.tbx\UpdateSchema" Date="20230207" Time="142450">UpdateSchema "CIMDATA=&lt;CIMStandardDataConnection xsi:type='typens:CIMStandardDataConnection' xmlns:xsi='http://www.w3.org/2001/XMLSchema-instance' xmlns:xs='http://www.w3.org/2001/XMLSchema' xmlns:typens='http://www.esri.com/schemas/ArcGIS/3.0.0'&gt;&lt;WorkspaceConnectionString&gt;DATABASE=Z:\GIS\Projects\005-02_DeltaScience_R_to_R_GIS\Geodata\Vector\Above_Dam_Extents\AboveDamExtents.gdb&lt;/WorkspaceConnectionString&gt;&lt;WorkspaceFactory&gt;FileGDB&lt;/WorkspaceFactory&gt;&lt;Dataset&gt;Salmonid_Habitat_Extents_Gradient_Split_WithAboveDam&lt;/Dataset&gt;&lt;DatasetType&gt;esriDTFeatureClass&lt;/DatasetType&gt;&lt;/CIMStandardDataConnection&gt;" &lt;operationSequence&gt;&lt;workflow&gt;&lt;AddField&gt;&lt;field_name&gt;WSTID&lt;/field_name&gt;&lt;field_type&gt;TEXT&lt;/field_type&gt;&lt;field_length&gt;255&lt;/field_length&gt;&lt;field_is_nullable&gt;True&lt;/field_is_nullable&gt;&lt;field_is_required&gt;False&lt;/field_is_required&gt;&lt;/AddField&gt;&lt;/workflow&gt;&lt;/operationSequence&gt;</Process><Process ToolSource="c:\program files\arcgis\pro\Resources\ArcToolbox\toolboxes\Data Management Tools.tbx\CalculateGeometryAttributes" Date="20230207" Time="152410">CalculateGeometryAttributes Salmonid_Habitat_Extents_Gradient_Split_WithAboveDam "miles LENGTH" "US Survey Feet" # PROJCS["NAD_1983_California_Teale_Albers",GEOGCS["GCS_North_American_1983",DATUM["D_North_American_1983",SPHEROID["GRS_1980",6378137.0,298.257222101]],PRIMEM["Greenwich",0.0],UNIT["Degree",0.0174532925199433]],PROJECTION["Albers"],PARAMETER["False_Easting",0.0],PARAMETER["False_Northing",-4000000.0],PARAMETER["Central_Meridian",-120.0],PARAMETER["Standard_Parallel_1",34.0],PARAMETER["Standard_Parallel_2",40.5],PARAMETER["Latitude_Of_Origin",0.0],UNIT["Meter",1.0]] "Same as input"</Process><Process ToolSource="c:\program files\arcgis\pro\Resources\ArcToolbox\toolboxes\Data Management Tools.tbx\DeleteField" Date="20230207" Time="152456">DeleteField Salmonid_Habitat_Extents_Gradient_Split_WithAboveDam feet "Delete Fields"</Process><Process ToolSource="c:\program files\arcgis\pro\Resources\ArcToolbox\toolboxes\Data Management Tools.tbx\CalculateGeometryAttributes" Date="20230207" Time="152614">CalculateGeometryAttributes Salmonid_Habitat_Extents_Gradient_Split_WithAboveDam "miles LENGTH" "US Survey Miles" # PROJCS["NAD_1983_California_Teale_Albers",GEOGCS["GCS_North_American_1983",DATUM["D_North_American_1983",SPHEROID["GRS_1980",6378137.0,298.257222101]],PRIMEM["Greenwich",0.0],UNIT["Degree",0.0174532925199433]],PROJECTION["Albers"],PARAMETER["False_Easting",0.0],PARAMETER["False_Northing",-4000000.0],PARAMETER["Central_Meridian",-120.0],PARAMETER["Standard_Parallel_1",34.0],PARAMETER["Standard_Parallel_2",40.5],PARAMETER["Latitude_Of_Origin",0.0],UNIT["Meter",1.0]] "Same as input"</Process><Process ToolSource="c:\program files\arcgis\pro\Resources\ArcToolbox\toolboxes\Data Management Tools.tbx\CalculateGeometryAttributes" Date="20230207" Time="152722">CalculateGeometryAttributes Salmonid_Habitat_Extents_Gradient_Split_WithAboveDam "lengthkm LENGTH" Kilometers # PROJCS["NAD_1983_California_Teale_Albers",GEOGCS["GCS_North_American_1983",DATUM["D_North_American_1983",SPHEROID["GRS_1980",6378137.0,298.257222101]],PRIMEM["Greenwich",0.0],UNIT["Degree",0.0174532925199433]],PROJECTION["Albers"],PARAMETER["False_Easting",0.0],PARAMETER["False_Northing",-4000000.0],PARAMETER["Central_Meridian",-120.0],PARAMETER["Standard_Parallel_1",34.0],PARAMETER["Standard_Parallel_2",40.5],PARAMETER["Latitude_Of_Origin",0.0],UNIT["Meter",1.0]] "Same as input"</Process><Process ToolSource="c:\program files\arcgis\pro\Resources\ArcToolbox\toolboxes\Data Management Tools.tbx\CalculateGeometryAttributes" Date="20230207" Time="152741">CalculateGeometryAttributes Salmonid_Habitat_Extents_Gradient_Split_WithAboveDam "lengthkm LENGTH" Kilometers # PROJCS["NAD_1983_California_Teale_Albers",GEOGCS["GCS_North_American_1983",DATUM["D_North_American_1983",SPHEROID["GRS_1980",6378137.0,298.257222101]],PRIMEM["Greenwich",0.0],UNIT["Degree",0.0174532925199433]],PROJECTION["Albers"],PARAMETER["False_Easting",0.0],PARAMETER["False_Northing",-4000000.0],PARAMETER["Central_Meridian",-120.0],PARAMETER["Standard_Parallel_1",34.0],PARAMETER["Standard_Parallel_2",40.5],PARAMETER["Latitude_Of_Origin",0.0],UNIT["Meter",1.0]] "Same as input"</Process><Process ToolSource="c:\program files\arcgis\pro\Resources\ArcToolbox\toolboxes\Conversion Tools.tbx\ExportFeatures" Date="20230207" Time="152859">ExportFeatures Salmonid_Habitat_Extents_Gradient_Split_WithAboveDam Z:\GIS\Projects\005-02_DeltaScience_R_to_R_GIS\Geodata\Vector\Above_Dam_Extents\AboveDamExtents.gdb\Salmonid_Habitat_Extents_Gradient_Split_WithAboveDam_v2 # NOT_USE_ALIAS "Id "Id" true true false 4 Long 0 0,First,#,Salmonid_Habitat_Extents_Gradient_Split_WithAboveDam,Id,-1,-1;River "River" true true false 50 Text 0 0,First,#,Salmonid_Habitat_Extents_Gradient_Split_WithAboveDam,River,0,50;Habitat "Habitat" true true false 50 Text 0 0,First,#,Salmonid_Habitat_Extents_Gradient_Split_WithAboveDam,Habitat,0,50;Species "Species" true true false 50 Text 0 0,First,#,Salmonid_Habitat_Extents_Gradient_Split_WithAboveDam,Species,0,50;Source "Source" true true false 50 Text 0 0,First,#,Salmonid_Habitat_Extents_Gradient_Split_WithAboveDam,Source,0,50;miles "miles" true true false 8 Double 0 0,First,#,Salmonid_Habitat_Extents_Gradient_Split_WithAboveDam,miles,-1,-1;lengthkm "lengthkm" true true false 8 Double 0 0,First,#,Salmonid_Habitat_Extents_Gradient_Split_WithAboveDam,lengthkm,-1,-1;Dataset "Dataset" true true false 255 Text 0 0,First,#,Salmonid_Habitat_Extents_Gradient_Split_WithAboveDam,Dataset,0,255;Linetype "Linetype" true true false 255 Text 0 0,First,#,Salmonid_Habitat_Extents_Gradient_Split_WithAboveDam,Linetype,0,255;HqtType "HqtType" true true false 255 Text 0 0,First,#,Salmonid_Habitat_Extents_Gradient_Split_WithAboveDam,HqtType,0,255;Shape_Length "Shape_Length" false true true 8 Double 0 0,First,#,Salmonid_Habitat_Extents_Gradient_Split_WithAboveDam,Shape_Length,-1,-1;WSTID "WSTID" true true false 255 Text 0 0,First,#,Salmonid_Habitat_Extents_Gradient_Split_WithAboveDam,WSTID,0,255" #</Process><Process ToolSource="c:\program files\arcgis\pro\Resources\ArcToolbox\toolboxes\Data Management Tools.tbx\CalculateGeometryAttributes" Date="20230207" Time="153340">CalculateGeometryAttributes Salmonid_Habitat_Extents_Gradient_Split_WithAboveDam_v2 "miles LENGTH" "US Survey Miles" # PROJCS["NAD_1983_California_Teale_Albers_FtUS",GEOGCS["GCS_North_American_1983",DATUM["D_North_American_1983",SPHEROID["GRS_1980",6378137.0,298.257222101]],PRIMEM["Greenwich",0.0],UNIT["Degree",0.0174532925199433]],PROJECTION["Albers"],PARAMETER["False_Easting",0.0],PARAMETER["False_Northing",-4000000.0],PARAMETER["Central_Meridian",-120.0],PARAMETER["Standard_Parallel_1",34.0],PARAMETER["Standard_Parallel_2",40.5],PARAMETER["Latitude_Of_Origin",0.0],UNIT["Foot_US",0.3048006096012192]] "Same as input"</Process><Process ToolSource="c:\program files\arcgis\pro\Resources\ArcToolbox\toolboxes\Data Management Tools.tbx\CalculateGeometryAttributes" Date="20230207" Time="153533">CalculateGeometryAttributes Salmonid_Habitat_Extents_Gradient_Split_WithAboveDam_v2 "lengthkm LENGTH" Kilometers # PROJCS["NAD_1983_California_Teale_Albers_FtUS",GEOGCS["GCS_North_American_1983",DATUM["D_North_American_1983",SPHEROID["GRS_1980",6378137.0,298.257222101]],PRIMEM["Greenwich",0.0],UNIT["Degree",0.0174532925199433]],PROJECTION["Albers"],PARAMETER["False_Easting",0.0],PARAMETER["False_Northing",-4000000.0],PARAMETER["Central_Meridian",-120.0],PARAMETER["Standard_Parallel_1",34.0],PARAMETER["Standard_Parallel_2",40.5],PARAMETER["Latitude_Of_Origin",0.0],UNIT["Foot_US",0.3048006096012192]] "Same as input"</Process><Process ToolSource="c:\program files\arcgis\pro\Resources\ArcToolbox\toolboxes\Conversion Tools.tbx\ExportFeatures" Date="20230209" Time="141748">ExportFeatures Salmonid_Habitat_Extents_Gradient_Split_WithAboveDam_v2 Z:\GIS\Projects\005-02_DeltaScience_R_to_R_GIS\Geodata\Gradients\Vector\habitat_extents_combined_gradients_v3.shp # NOT_USE_ALIAS "Id "Id" true true false 4 Long 0 0,First,#,Salmonid_Habitat_Extents_Gradient_Split_WithAboveDam_v2,Id,-1,-1;River "River" true true false 50 Text 0 0,First,#,Salmonid_Habitat_Extents_Gradient_Split_WithAboveDam_v2,River,0,50;Habitat "Habitat" true true false 50 Text 0 0,First,#,Salmonid_Habitat_Extents_Gradient_Split_WithAboveDam_v2,Habitat,0,50;Species "Species" true true false 50 Text 0 0,First,#,Salmonid_Habitat_Extents_Gradient_Split_WithAboveDam_v2,Species,0,50;Source "Source" true true false 50 Text 0 0,First,#,Salmonid_Habitat_Extents_Gradient_Split_WithAboveDam_v2,Source,0,50;miles "miles" true true false 8 Double 0 0,First,#,Salmonid_Habitat_Extents_Gradient_Split_WithAboveDam_v2,miles,-1,-1;lengthkm "lengthkm" true true false 8 Double 0 0,First,#,Salmonid_Habitat_Extents_Gradient_Split_WithAboveDam_v2,lengthkm,-1,-1;Dataset "Dataset" true true false 255 Text 0 0,First,#,Salmonid_Habitat_Extents_Gradient_Split_WithAboveDam_v2,Dataset,0,255;Linetype "Linetype" true true false 255 Text 0 0,First,#,Salmonid_Habitat_Extents_Gradient_Split_WithAboveDam_v2,Linetype,0,255;HqtType "HqtType" true true false 255 Text 0 0,First,#,Salmonid_Habitat_Extents_Gradient_Split_WithAboveDam_v2,HqtType,0,255;WSTID "WSTID" true true false 255 Text 0 0,First,#,Salmonid_Habitat_Extents_Gradient_Split_WithAboveDam_v2,WSTID,0,255;Shape_Length "Shape_Length" false true true 8 Double 0 0,First,#,Salmonid_Habitat_Extents_Gradient_Split_WithAboveDam_v2,Shape_Length,-1,-1" #</Process></lineage><LayerFile>{"type":"CIMLayerDocument","version":"2.7.0","build":26828,"layers":["CIMPATH=Analysis___habitat_extents/bd6da235afad4768b70461202588eb38.xml"],"layerDefinitions":[{"type":"CIMFeatureLayer","name":"salmonid_habitat_extents","uRI":"CIMPATH=Analysis___habitat_extents/bd6da235afad4768b70461202588eb38.xml","sourceModifiedTime":{"type":"TimeInstant"},"useSourceMetadata":true,"description":"salmonid_habitat_extents","layerElevation":{"type":"CIMLayerElevationSurface","mapElevationID":"a19b9b44c6d8462991e467d243c55144"},"expanded":true,"layerType":"Operational","showLegends":true,"visibility":true,"displayCacheType":"Permanent","maxDisplayCacheAge":5,"showPopups":true,"serviceLayerID":-1,"refreshRate":-1,"refreshRateUnit":"esriTimeUnitsSeconds","blendingMode":"Alpha","autoGenerateFeatureTemplates":true,"featureTable":{"type":"CIMFeatureTable","displayField":"Id","editable":true,"dataConnection":{"type":"CIMStandardDataConnection","workspaceConnectionString":"DATABASE=Z:\\Active_Projects\\018-02_CVPIA_Big_Data_Y2\\GIS\\Geodata\\Vector\\Shapes","workspaceFactory":"Shapefile","dataset":"salmonid_habitat_extents","datasetType":"esriDTFeatureClass"},"studyAreaSpatialRel":"esriSpatialRelUndefined","searchOrder":"esriSearchOrderSpatial"},"htmlPopupEnabled":true,"htmlPopupFormat":{"type":"CIMHtmlPopupFormat","htmlUseCodedDomainValues":true,"htmlPresentationStyle":"TwoColumnTable"},"isFlattened":true,"selectable":true,"featureCacheType":"Session","displayFiltersType":"ByScale","featureBlendingMode":"Alpha","labelClasses":[{"type":"CIMLabelClass","expression":"[River]","expressionEngine":"VBScript","featuresToLabel":"AllVisibleFeatures","maplexLabelPlacementProperties":{"type":"CIMMaplexLabelPlacementProperties","featureType":"Line","avoidPolygonHoles":false,"canOverrunFeature":true,"canPlaceLabelOutsidePolygon":false,"canRemoveOverlappingLabel":false,"canStackLabel":true,"canTruncateLabel":true,"connectionType":"MinimizeLabels","constrainOffset":"NoConstraint","contourAlignmentType":"Uphill","contourLadderType":"None","contourMaximumAngle":0,"enableConnection":true,"featureWeight":100,"fontHeightReductionLimit":0,"fontHeightReductionStep":0,"fontWidthReductionLimit":0,"fontWidthReductionStep":0,"graticuleAlignmentType":"Straight","labelBuffer":15,"labelLargestPolygon":false,"labelPriority":0,"labelStackingProperties":{"type":"CIMMaplexLabelStackingProperties","stackAlignment":"ChooseBest","maximumNumberOfLines":3,"minimumNumberOfCharsPerLine":3,"maximumNumberOfCharsPerLine":24,"separators":[{"type":"CIMMaplexStackingSeparator","separator":" ","splitAfter":true},{"type":"CIMMaplexStackingSeparator","separator":",","visible":true,"splitAfter":true}]},"lineFeatureType":"Street","linePlacementMethod":"OffsetCurvedFromLine","maximumLabelOverrun":16,"maximumLabelOverrunUnit":"Point","minimumFeatureSizeUnit":"Point","multiPartOption":"OneLabelPerFeature","offsetAlongLineProperties":{"type":"CIMMaplexOffsetAlongLineProperties","placementMethod":"BestPositionAlongLine","labelAnchorPoint":"CenterOfLabel","distanceUnit":"Point","useLineDirection":true},"pointExternalZonePriorities":{"type":"CIMMaplexExternalZonePriorities","aboveLeft":4,"aboveCenter":2,"aboveRight":1,"centerRight":3,"belowRight":5,"belowCenter":7,"belowLeft":8,"centerLeft":6},"pointPlacementMethod":"AroundPoint","polygonAnchorPointType":"GeometricCenter","polygonBoundaryWeight":0,"polygonExternalZones":{"type":"CIMMaplexExternalZonePriorities","aboveLeft":4,"aboveCenter":2,"aboveRight":1,"centerRight":3,"belowRight":5,"belowCenter":7,"belowLeft":8,"centerLeft":6},"polygonFeatureType":"General","polygonInternalZones":{"type":"CIMMaplexInternalZonePriorities","center":1},"polygonPlacementMethod":"HorizontalInPolygon","primaryOffset":1,"primaryOffsetUnit":"Point","removeExtraWhiteSpace":false,"repetitionIntervalUnit":"Point","rotationProperties":{"type":"CIMMaplexRotationProperties","rotationType":"Arithmetic","alignmentType":"Straight"},"secondaryOffset":0,"strategyPriorities":{"type":"CIMMaplexStrategyPriorities","stacking":1,"overrun":2,"fontCompression":3,"fontReduction":4,"abbreviation":5},"thinDuplicateLabels":true,"thinningDistance":5,"thinningDistanceUnit":"Inch","truncationMarkerCharacter":".","truncationMinimumLength":1,"truncationPreferredCharacters":"aeiou","truncationExcludedCharacters":"1234567890","polygonAnchorPointPerimeterInsetUnit":"Point"},"name":"Default","priority":21,"standardLabelPlacementProperties":{"type":"CIMStandardLabelPlacementProperties","featureType":"Line","featureWeight":"None","labelWeight":"High","numLabelsOption":"OneLabelPerName","lineLabelPosition":{"type":"CIMStandardLineLabelPosition","above":true,"inLine":true,"parallel":true},"lineLabelPriorities":{"type":"CIMStandardLineLabelPriorities","aboveStart":3,"aboveAlong":3,"aboveEnd":3,"centerStart":3,"centerAlong":3,"centerEnd":3,"belowStart":3,"belowAlong":3,"belowEnd":3},"pointPlacementMethod":"AroundPoint","pointPlacementPriorities":{"type":"CIMStandardPointPlacementPriorities","aboveLeft":2,"aboveCenter":2,"aboveRight":1,"centerLeft":3,"centerRight":2,"belowLeft":3,"belowCenter":3,"belowRight":2},"rotationType":"Arithmetic","polygonPlacementMethod":"AlwaysHorizontal"},"textSymbol":{"type":"CIMSymbolReference","symbol":{"type":"CIMTextSymbol","blockProgression":"TTB","depth3D":0,"extrapolateBaselines":false,"flipAngle":90,"fontEffects":"Normal","fontEncoding":"Unicode","fontFamilyName":"Corbel","fontStyleName":"Italic","fontType":"TrueType","haloSize":0,"height":10,"hinting":"Default","horizontalAlignment":"Left","kerning":true,"letterWidth":100,"ligatures":false,"lineGapType":"ExtraLeading","symbol":{"type":"CIMPolygonSymbol","symbolLayers":[{"type":"CIMSolidFill","enable":true,"color":{"type":"CIMRGBColor","values":[78,78,78,100]}}]},"symbol3DProperties":{"type":"CIM3DSymbolProperties","dominantSizeAxis3D":"Z","rotationOrder3D":"XYZ","scaleZ":0,"scaleY":0},"textCase":"Allcaps","textDirection":"LTR","verticalAlignment":"Baseline","verticalGlyphOrientation":"Right","wordSpacing":100,"billboardMode3D":"None"}},"useCodedValue":true,"visibility":true,"iD":-1}],"labelVisibility":true,"renderer":{"type":"CIMUniqueValueRenderer","colorRamp":{"type":"CIMMultipartColorRamp","colorRamps":[{"type":"CIMLinearContinuousColorRamp","colorSpace":{"type":"CIMICCColorSpace","url":"CIELAB"},"fromColor":{"type":"CIMLABColor","values":[62.3208039713424,-17.4145728432004709,-32.7051185310480079,100]},"toColor":{"type":"CIMLABColor","values":[95.9705898576935965,-15.9636265871330174,58.5274058600726548,100]}},{"type":"CIMLinearContinuousColorRamp","colorSpace":{"type":"CIMICCColorSpace","url":"CIELAB"},"fromColor":{"type":"CIMLABColor","values":[95.9705898576935965,-15.9636265871330174,58.5274058600726548,100]},"toColor":{"type":"CIMLABColor","values":[53.1670553681555589,71.3514556801406172,57.8274711922111138,100]}}],"weights":[1,1]},"defaultLabel":"\u003call other values\u003e","defaultSymbol":{"type":"CIMSymbolReference","symbol":{"type":"CIMLineSymbol","symbolLayers":[{"type":"CIMSolidStroke","enable":true,"capStyle":"Round","joinStyle":"Round","lineStyle3D":"Strip","miterLimit":10,"width":1,"color":{"type":"CIMRGBColor","values":[145,0,48,100]}}]}},"defaultSymbolPatch":"Default","fields":["Habitat"],"groups":[{"type":"CIMUniqueValueGroup","classes":[{"type":"CIMUniqueValueClass","label":"rearing","patch":"Default","symbol":{"type":"CIMSymbolReference","symbol":{"type":"CIMLineSymbol","symbolLayers":[{"type":"CIMSolidStroke","enable":true,"capStyle":"Butt","joinStyle":"Round","lineStyle3D":"Strip","miterLimit":10,"width":2,"color":{"type":"CIMRGBColor","values":[115,223,255,100]}}]}},"values":[{"type":"CIMUniqueValue","fieldValues":["rearing"]}],"visible":true},{"type":"CIMUniqueValueClass","label":"spawning","patch":"Default","symbol":{"type":"CIMSymbolReference","symbol":{"type":"CIMLineSymbol","symbolLayers":[{"type":"CIMSolidStroke","effects":[{"type":"CIMGeometricEffectDashes","dashTemplate":[4,6],"lineDashEnding":"NoConstraint","controlPointEnding":"NoConstraint"}],"enable":true,"capStyle":"Butt","joinStyle":"Round","lineStyle3D":"Strip","miterLimit":10,"width":2,"color":{"type":"CIMRGBColor","values":[0,92,230,100]}}]}},"values":[{"type":"CIMUniqueValue","fieldValues":["spawning"]}],"visible":true}],"heading":"Habitat"}],"useDefaultSymbol":true,"polygonSymbolColorTarget":"Fill"},"scaleSymbols":true,"snappable":true}]}</LayerFile><coordRef><type Sync="TRUE">Projected</type><geogcsn Sync="TRUE">GCS_North_American_1983</geogcsn><csUnits Sync="TRUE">Linear Unit: Meter (1.000000)</csUnits><projcsn Sync="TRUE">NAD_1983_California_Teale_Albers</projcsn><peXml Sync="TRUE">&lt;ProjectedCoordinateSystem xsi:type='typens:ProjectedCoordinateSystem' xmlns:xsi='http://www.w3.org/2001/XMLSchema-instance' xmlns:xs='http://www.w3.org/2001/XMLSchema' xmlns:typens='http://www.esri.com/schemas/ArcGIS/3.0.0'&gt;&lt;WKT&gt;PROJCS[&amp;quot;NAD_1983_California_Teale_Albers&amp;quot;,GEOGCS[&amp;quot;GCS_North_American_1983&amp;quot;,DATUM[&amp;quot;D_North_American_1983&amp;quot;,SPHEROID[&amp;quot;GRS_1980&amp;quot;,6378137.0,298.257222101]],PRIMEM[&amp;quot;Greenwich&amp;quot;,0.0],UNIT[&amp;quot;Degree&amp;quot;,0.0174532925199433]],PROJECTION[&amp;quot;Albers&amp;quot;],PARAMETER[&amp;quot;False_Easting&amp;quot;,0.0],PARAMETER[&amp;quot;False_Northing&amp;quot;,-4000000.0],PARAMETER[&amp;quot;Central_Meridian&amp;quot;,-120.0],PARAMETER[&amp;quot;Standard_Parallel_1&amp;quot;,34.0],PARAMETER[&amp;quot;Standard_Parallel_2&amp;quot;,40.5],PARAMETER[&amp;quot;Latitude_Of_Origin&amp;quot;,0.0],UNIT[&amp;quot;Meter&amp;quot;,1.0],AUTHORITY[&amp;quot;EPSG&amp;quot;,3310]]&lt;/WKT&gt;&lt;XOrigin&gt;-16909700&lt;/XOrigin&gt;&lt;YOrigin&gt;-8597000&lt;/YOrigin&gt;&lt;XYScale&gt;266332319.7555542&lt;/XYScale&gt;&lt;ZOrigin&gt;-100000&lt;/ZOrigin&gt;&lt;ZScale&gt;10000&lt;/ZScale&gt;&lt;MOrigin&gt;-100000&lt;/MOrigin&gt;&lt;MScale&gt;10000&lt;/MScale&gt;&lt;XYTolerance&gt;0.001&lt;/XYTolerance&gt;&lt;ZTolerance&gt;0.001&lt;/ZTolerance&gt;&lt;MTolerance&gt;0.001&lt;/MTolerance&gt;&lt;HighPrecision&gt;true&lt;/HighPrecision&gt;&lt;WKID&gt;3310&lt;/WKID&gt;&lt;LatestWKID&gt;3310&lt;/LatestWKID&gt;&lt;/ProjectedCoordinateSystem&gt;</peXml></coordRef></DataProperties><SyncDate>20230209</SyncDate><SyncTime>14174700</SyncTime><ModDate>20230209</ModDate><ModTime>14174700</ModTime></Esri><dataIdInfo><envirDesc Sync="TRUE">Microsoft Windows Server 2016 Technical Preview Version 10.0 (Build 14393) ; Esri ArcGIS 13.0.3.36057</envirDesc><dataLang><languageCode value="eng" Sync="TRUE"></languageCode><countryCode value="USA" Sync="TRUE"></countryCode></dataLang><idCitation><resTitle Sync="TRUE">habitat_extents_combined_gradients_v3</resTitle><presForm><PresFormCd value="005" Sync="TRUE"></PresFormCd></presForm></idCitation><spatRpType><SpatRepTypCd value="001" Sync="TRUE"></SpatRepTypCd></spatRpType></dataIdInfo><mdLang><languageCode value="eng" Sync="TRUE"></languageCode><countryCode value="USA" Sync="TRUE"></countryCode></mdLang><mdChar><CharSetCd value="004" Sync="TRUE"></CharSetCd></mdChar><distInfo><distFormat><formatName Sync="TRUE">Shapefile</formatName></distFormat><distTranOps><transSize Sync="TRUE">0.000</transSize></distTranOps></distInfo><mdHrLv><ScopeCd value="005" Sync="TRUE"></ScopeCd></mdHrLv><mdHrLvName Sync="TRUE">dataset</mdHrLvName><refSysInfo><RefSystem><refSysID><identCode code="3310" Sync="TRUE"></identCode><idCodeSpace Sync="TRUE">EPSG</idCodeSpace><idVersion Sync="TRUE">6.8(9.2.0)</idVersion></refSysID></RefSystem></refSysInfo><spatRepInfo><VectSpatRep><geometObjs Name="habitat_extents_combined_gradients_v3"><geoObjTyp><GeoObjTypCd value="002" Sync="TRUE"></GeoObjTypCd></geoObjTyp><geoObjCnt Sync="TRUE">0</geoObjCnt></geometObjs><topLvl><TopoLevCd value="001" Sync="TRUE"></TopoLevCd></topLvl></VectSpatRep></spatRepInfo><spdoinfo><ptvctinf><esriterm Name="habitat_extents_combined_gradients_v3"><efeatyp Sync="TRUE">Simple</efeatyp><efeageom code="3" Sync="TRUE"></efeageom><esritopo Sync="TRUE">FALSE</esritopo><efeacnt Sync="TRUE">0</efeacnt><spindex Sync="TRUE">FALSE</spindex><linrefer Sync="TRUE">TRUE</linrefer></esriterm></ptvctinf></spdoinfo><eainfo><detailed Name="habitat_extents_combined_gradients_v3"><enttyp><enttypl Sync="TRUE">habitat_extents_combined_gradients_v3</enttypl><enttypt Sync="TRUE">Feature Class</enttypt><enttypc Sync="TRUE">0</enttypc></enttyp><attr><attrlabl Sync="TRUE">FID</attrlabl><attalias Sync="TRUE">FID</attalias><attrtype Sync="TRUE">OID</attrtype><attwidth Sync="TRUE">4</attwidth><atprecis Sync="TRUE">0</atprecis><attscale Sync="TRUE">0</attscale><attrdef Sync="TRUE">Internal feature number.</attrdef><attrdefs Sync="TRUE">Esri</attrdefs><attrdomv><udom Sync="TRUE">Sequential unique whole numbers that are automatically generated.</udom></attrdomv></attr><attr><attrlabl Sync="TRUE">Shape</attrlabl><attalias Sync="TRUE">Shape</attalias><attrtype Sync="TRUE">Geometry</attrtype><attwidth Sync="TRUE">0</attwidth><atprecis Sync="TRUE">0</atprecis><attscale Sync="TRUE">0</attscale><attrdef Sync="TRUE">Feature geometry.</attrdef><attrdefs Sync="TRUE">Esri</attrdefs><attrdomv><udom Sync="TRUE">Coordinates defining the features.</udom></attrdomv></attr><attr><attrlabl Sync="TRUE">Id</attrlabl><attalias Sync="TRUE">Id</attalias><attrtype Sync="TRUE">Integer</attrtype><attwidth Sync="TRUE">10</attwidth><atprecis Sync="TRUE">10</atprecis><attscale Sync="TRUE">0</attscale></attr><attr><attrlabl Sync="TRUE">River</attrlabl><attalias Sync="TRUE">River</attalias><attrtype Sync="TRUE">String</attrtype><attwidth Sync="TRUE">50</attwidth><atprecis Sync="TRUE">0</atprecis><attscale Sync="TRUE">0</attscale></attr><attr><attrlabl Sync="TRUE">Habitat</attrlabl><attalias Sync="TRUE">Habitat</attalias><attrtype Sync="TRUE">String</attrtype><attwidth Sync="TRUE">50</attwidth><atprecis Sync="TRUE">0</atprecis><attscale Sync="TRUE">0</attscale></attr><attr><attrlabl Sync="TRUE">miles</attrlabl><attalias Sync="TRUE">miles</attalias><attrtype Sync="TRUE">Double</attrtype><attwidth Sync="TRUE">19</attwidth><atprecis Sync="TRUE">0</atprecis><attscale Sync="TRUE">0</attscale></attr><attr><attrlabl Sync="TRUE">Source</attrlabl><attalias Sync="TRUE">Source</attalias><attrtype Sync="TRUE">String</attrtype><attwidth Sync="TRUE">50</attwidth><atprecis Sync="TRUE">0</atprecis><attscale Sync="TRUE">0</attscale></attr><attr><attrlabl Sync="TRUE">Species</attrlabl><attalias Sync="TRUE">Species</attalias><attrtype Sync="TRUE">String</attrtype><attwidth Sync="TRUE">50</attwidth><atprecis Sync="TRUE">0</atprecis><attscale Sync="TRUE">0</attscale></attr><attr><attrlabl Sync="TRUE">lengthkm</attrlabl><attalias Sync="TRUE">lengthkm</attalias><attrtype Sync="TRUE">Double</attrtype><attwidth Sync="TRUE">19</attwidth><atprecis Sync="TRUE">0</atprecis><attscale Sync="TRUE">0</attscale></attr><attr><attrlabl Sync="TRUE">Dataset</attrlabl><attalias Sync="TRUE">Dataset</attalias><attrtype Sync="TRUE">String</attrtype><attwidth Sync="TRUE">254</attwidth><atprecis Sync="TRUE">0</atprecis><attscale Sync="TRUE">0</attscale></attr><attr><attrlabl Sync="TRUE">Linetype</attrlabl><attalias Sync="TRUE">Linetype</attalias><attrtype Sync="TRUE">String</attrtype><attwidth Sync="TRUE">254</attwidth><atprecis Sync="TRUE">0</atprecis><attscale Sync="TRUE">0</attscale></attr><attr><attrlabl Sync="TRUE">HqtType</attrlabl><attalias Sync="TRUE">HqtType</attalias><attrtype Sync="TRUE">String</attrtype><attwidth Sync="TRUE">254</attwidth><atprecis Sync="TRUE">0</atprecis><attscale Sync="TRUE">0</attscale></attr><attr><attrlabl Sync="TRUE">WSTID</attrlabl><attalias Sync="TRUE">WSTID</attalias><attrtype Sync="TRUE">String</attrtype><attwidth Sync="TRUE">254</attwidth><atprecis Sync="TRUE">0</atprecis><attscale Sync="TRUE">0</attscale></attr><attr><attrlabl Sync="TRUE">Shape_Leng</attrlabl><attalias Sync="TRUE">Shape_Leng</attalias><attrtype Sync="TRUE">Double</attrtype><attwidth Sync="TRUE">19</attwidth><atprecis Sync="TRUE">0</atprecis><attscale Sync="TRUE">0</attscale></attr></detailed></eainfo><mdDateSt Sync="TRUE">20230209</mdDateSt></metadata>
