Day,Date_Time,Flow_cfs,DGR WUA,EDR WUA,FR WUA,HR WUA,TBR WUA,Total WUA
31,11/1/2005,889,0.349,0.036,0.184,0.245,0,0.814
32,11/2/2005,889,0.349,0.036,0.184,0.245,0,0.814
33,11/3/2005,875,0.328,0.033,0.161,0.241,0,0.763
34,11/4/2005,872,0.323,0.033,0.157,0.238,0,0.751
35,11/5/2005,876,0.329,0.033,0.163,0.242,0,0.767
36,11/6/2005,875,0.328,0.033,0.161,0.241,0,0.763
37,11/7/2005,881,0.337,0.034,0.171,0.245,0,0.787
38,11/8/2005,947,0.466,0.048,0.291,0.228,0,1.033
39,11/9/2005,894,0.357,0.036,0.192,0.245,0,0.83
40,11/10/2005,858,0.287,0.031,0.135,0.225,0,0.678
41,11/11/2005,852,0.278,0.031,0.127,0.22,0,0.656
42,11/12/2005,855,0.283,0.031,0.131,0.223,0,0.668
43,11/13/2005,852,0.278,0.031,0.127,0.22,0,0.656
44,11/14/2005,860,0.29,0.031,0.138,0.227,0,0.686
45,11/15/2005,868,0.301,0.032,0.15,0.235,0,0.718
46,11/16/2005,873,0.309,0.033,0.158,0.239,0,0.739
47,11/17/2005,855,0.283,0.031,0.131,0.223,0,0.668
48,11/18/2005,835,0.255,0.029,0.103,0.203,0,0.59
49,11/19/2005,836,0.257,0.03,0.105,0.204,0,0.596
50,11/20/2005,839,0.261,0.03,0.109,0.207,0,0.607
51,11/21/2005,834,0.254,0.029,0.102,0.202,0,0.587
52,11/22/2005,786,0.196,0.023,0.05,0.168,0,0.437
53,11/23/2005,802,0.215,0.025,0.065,0.17,0,0.475
54,11/24/2005,820,0.236,0.028,0.085,0.188,0,0.537
55,11/25/2005,839,0.261,0.03,0.109,0.207,0,0.607
56,11/26/2005,847,0.271,0.03,0.12,0.215,0,0.636
57,11/27/2005,831,0.25,0.029,0.098,0.199,0,0.576
58,11/28/2005,819,0.235,0.028,0.083,0.187,0,0.533
59,11/29/2005,863,0.294,0.032,0.143,0.23,0,0.699
60,11/30/2005,869,0.303,0.032,0.152,0.235,0,0.722
61,12/1/2005,945,0.455,0.047,0.287,0.23,0,1.019
62,12/2/2005,2740,8.863,0.917,5.62,7.973,2.496,25.869
63,12/3/2005,3090,11.133,1.017,6.731,10.05,3.227,32.158
64,12/4/2005,2100,5.202,0.686,3.432,3.716,1.084,14.12
65,12/5/2005,996,0.597,0.059,0.403,0.176,0,1.235
66,12/6/2005,928,0.417,0.042,0.251,0.245,0,0.955
67,12/7/2005,901,0.367,0.038,0.203,0.245,0,0.853
68,12/8/2005,865,0.311,0.032,0.146,0.232,0,0.721
69,12/9/2005,881,0.334,0.034,0.171,0.245,0,0.784
70,12/10/2005,980,0.55,0.055,0.366,0.039,0,1.01
71,12/11/2005,980,0.55,0.055,0.366,0.039,0,1.01
72,12/12/2005,991,0.582,0.057,0.392,0.037,0,1.068
73,12/13/2005,1010,0.633,0.064,0.434,0.018,0,1.149
74,12/14/2005,1020,0.66,0.068,0.455,0.019,0,1.202
75,12/15/2005,1020,0.66,0.068,0.455,0.019,0,1.202
76,12/16/2005,1020,0.66,0.068,0.455,0.019,0,1.202
77,12/17/2005,1020,0.66,0.068,0.455,0.019,0,1.202
78,12/18/2005,1240,1.334,0.154,0.977,0.09,0.002,2.557
79,12/19/2005,2100,4.215,0.5,3.446,2.379,0.738,11.278
80,12/20/2005,2810,7.071,0.662,5.87,5.507,1.754,20.864
81,12/21/2005,3110,8.555,0.718,6.829,6.73,2.168,25
82,12/22/2005,7620,22.795,0.756,14.733,17.494,6.188,61.966
83,12/23/2005,12100,49.149,0.722,14.923,23.151,7.813,95.758
84,12/24/2005,6440,21.273,0.832,14.112,16.073,5.635,57.925
85,12/25/2005,5970,20.422,0.865,13.472,15.405,5.273,55.437
86,12/26/2005,13100,44.271,0.5,14.423,19.008,6.211,84.413
87,12/27/2005,12400,43.824,0.531,14.928,18.998,6.32,84.601
88,12/28/2005,23700,44.55,0.541,15.728,25.757,6.268,92.844
89,12/29/2005,27000,38.584,0.513,16.631,21.204,6.608,83.54
90,12/30/2005,19900,47.575,0.543,12.228,25.547,5.469,91.362
91,12/31/2005,84200,11.459,0.574,17.805,15.204,2.668,47.71
92,1/1/2006,67900,19.416,0.559,17.805,17.618,2.795,58.193
93,1/2/2006,50700,28.672,0.59,17.805,21.174,3.787,72.028
94,1/3/2006,36500,35.512,0.536,17.524,24.396,5.979,83.947
95,1/4/2006,27600,37.506,0.511,16.557,20.326,6.627,81.527
96,1/5/2006,21500,46.907,0.556,12.485,27.153,5.817,92.918
97,1/6/2006,16200,45.582,0.49,12.578,20.987,5.754,85.391
98,1/7/2006,12500,43.73,0.526,14.841,18.04,6.304,83.441
99,1/8/2006,10000,25.868,0.668,15.381,16.586,6.296,64.799
100,1/9/2006,8270,24.437,0.734,15.43,17.742,6.184,64.527
101,1/10/2006,6720,21.483,0.806,14.493,16.247,5.796,58.825
102,1/11/2006,6250,20.939,0.847,13.85,15.813,5.498,56.947
103,1/12/2006,6160,20.783,0.854,13.731,15.692,5.429,56.489
104,1/13/2006,5770,19.849,0.87,13.132,14.952,5.091,53.894
105,1/14/2006,5550,19.158,0.871,12.7,14.391,4.88,52
106,1/15/2006,6400,21.158,0.837,13.955,16.001,5.617,57.568
107,1/16/2006,5350,18.4,0.868,12.261,13.802,4.674,50.005
108,1/17/2006,4920,16.615,0.856,11.24,12.296,4.182,45.189
109,1/18/2006,5910,20.226,0.875,13.37,15.347,5.234,55.052
110,1/19/2006,5920,20.255,0.875,13.386,15.373,5.244,55.133
111,1/20/2006,5160,17.398,0.861,11.734,12.841,4.448,47.282
112,1/21/2006,4840,16.254,0.857,11.06,11.924,4.099,44.194
113,1/22/2006,4810,16.18,0.857,11.008,11.865,4.069,43.979
114,1/23/2006,4760,16.052,0.857,10.913,11.76,4.02,43.602
115,1/24/2006,4630,15.677,0.855,10.662,11.454,3.889,42.537
116,1/25/2006,4580,15.518,0.854,10.562,11.327,3.839,42.1
117,1/26/2006,4540,15.385,0.853,10.48,11.223,3.798,41.739
118,1/27/2006,4400,14.89,0.847,10.184,10.838,3.656,40.415
119,1/28/2006,4430,15.001,0.848,10.249,10.924,3.687,40.709
120,1/29/2006,4740,16,0.857,10.876,11.715,4,43.448
121,1/30/2006,4830,16.23,0.857,11.044,11.905,4.089,44.125
122,1/31/2006,5200,17.597,0.863,11.861,13.026,4.495,47.842
123,2/1/2006,4850,16.295,0.857,11.079,12.023,4.109,44.363
124,2/2/2006,5700,19.511,0.877,13.05,15.123,5.046,53.607
125,2/3/2006,6070,21.071,0.889,13.664,16.258,5.422,57.304
126,2/4/2006,5910,20.477,0.885,13.425,15.776,5.257,55.82
127,2/5/2006,5910,20.477,0.885,13.425,15.776,5.257,55.82
128,2/6/2006,5250,17.826,0.865,11.989,13.195,4.552,48.427
129,2/7/2006,4830,16.231,0.857,11.044,11.905,4.089,44.126
130,2/8/2006,4810,16.183,0.857,11.009,11.865,4.069,43.983
131,2/9/2006,4960,16.511,0.856,11.257,12.079,4.217,44.92
132,2/10/2006,4800,16.155,0.857,10.986,11.845,4.059,43.902
133,2/11/2006,4730,15.972,0.857,10.856,11.693,3.99,43.368
134,2/12/2006,4600,15.58,0.855,10.601,11.378,3.859,42.273
135,2/13/2006,4500,15.245,0.851,10.385,11.1,3.758,41.339
136,2/14/2006,4470,15.14,0.849,10.322,10.94,3.727,40.978
137,2/15/2006,4430,14.997,0.848,10.236,10.831,3.682,40.594
138,2/16/2006,4370,14.774,0.845,10.107,10.662,3.621,40.009
139,2/17/2006,4340,14.659,0.844,10.041,10.577,3.589,39.71
140,2/18/2006,4350,14.698,0.844,10.063,10.605,3.6,39.81
141,2/19/2006,4370,14.774,0.845,10.107,10.662,3.621,40.009
142,2/20/2006,4340,14.659,0.844,10.041,10.577,3.589,39.71
143,2/21/2006,4290,14.462,0.841,9.93,10.432,3.537,39.202
144,2/22/2006,4240,14.257,0.838,9.816,10.284,3.485,38.68
145,2/23/2006,4250,14.299,0.839,9.839,10.314,3.495,38.786
146,2/24/2006,4270,14.381,0.84,9.885,10.373,3.516,38.995
147,2/25/2006,4260,14.34,0.839,9.862,10.343,3.505,38.889
148,2/26/2006,4300,14.502,0.842,9.953,10.461,3.547,39.305
149,2/27/2006,5270,17.897,0.866,12.013,13.202,4.575,48.553
150,2/28/2006,20000,59.89,0.759,12.188,35.492,7.5,115.829
151,3/1/2006,17400,59.825,0.747,12.6,32.201,7.716,113.089
152,3/2/2006,14400,51.24,0.677,12.863,24.956,7.588,97.324
153,3/3/2006,13700,51.68,0.677,13.531,24.663,7.699,98.25
154,3/4/2006,11900,48.153,0.717,14.715,23.231,7.623,94.439
155,3/5/2006,9670,27.606,0.776,14.968,18.772,6.788,68.91
156,3/6/2006,16400,57.385,0.73,12.541,29.749,7.789,108.194
157,3/7/2006,10600,39.157,0.761,14.894,19.976,7.084,81.872
158,3/8/2006,8210,24.542,0.764,14.768,18.278,6.243,64.595
159,3/9/2006,6560,21.392,0.821,14.272,16.156,5.707,58.348
160,3/10/2006,5870,20.159,0.869,13.417,15.194,5.182,54.821
161,3/11/2006,5370,18.513,0.869,12.309,13.879,4.694,50.264
162,3/12/2006,5010,16.824,0.852,11.387,12.444,4.269,45.776
163,3/13/2006,5060,17.095,0.856,11.526,12.698,4.332,46.507
164,3/14/2006,6700,22.09,0.844,14.328,16.977,5.947,60.186
165,3/15/2006,7060,22.528,0.825,14.361,17.57,6.241,61.525
166,3/16/2006,5720,19.709,0.871,13.098,14.834,5.05,53.562
167,3/17/2006,6130,20.874,0.865,13.854,15.779,5.433,56.805
168,3/18/2006,6120,20.848,0.865,13.84,15.757,5.424,56.734
169,3/19/2006,5470,18.88,0.87,12.537,14.165,4.8,51.252
170,3/20/2006,5350,18.431,0.868,12.263,13.804,4.674,50.04
171,3/21/2006,5720,19.707,0.871,13.098,14.834,5.05,53.56
172,3/22/2006,5230,17.926,0.865,11.977,13.396,4.536,48.7
173,3/23/2006,4910,16.594,0.857,11.225,12.284,4.172,45.132
174,3/24/2006,4740,16.181,0.857,10.926,11.961,4.016,43.941
175,3/25/2006,12500,50.613,0.735,14.291,23.812,8.055,97.506
176,3/26/2006,11000,43.418,0.791,14.744,21.859,7.558,88.37
177,3/27/2006,7940,24.763,0.799,14.391,19.328,6.549,65.83
178,3/28/2006,7150,22.139,0.798,14.145,17.161,6.129,60.372
179,3/29/2006,6580,21.496,0.829,14.07,16.344,5.754,58.493
180,3/30/2006,5430,18.766,0.871,12.443,14.063,4.76,50.903
181,3/31/2006,6000,20.492,0.864,13.515,15.459,5.297,55.627
182,4/1/2006,9650,26.431,0.694,15.979,16.947,6.289,66.34
183,4/2/2006,9750,26.478,0.688,16.008,16.856,6.293,66.323
184,4/3/2006,23000,52.514,0.686,15.002,31.989,7.316,107.507
185,4/4/2006,33300,36.046,0.517,16.123,23.878,6.615,83.179
186,4/5/2006,29200,36.126,0.516,15.514,20.791,7.227,80.174
187,4/6/2006,19400,57.357,0.718,12.777,31.389,6.855,109.096
188,4/7/2006,12200,46.121,0.578,16.871,19.338,6.497,89.405
189,4/8/2006,11800,44.701,0.588,17.065,18.941,6.451,87.746
190,4/9/2006,9850,26.62,0.681,16.029,16.766,6.299,66.395
191,4/10/2006,9970,26.652,0.672,16.032,16.645,6.3,66.301
192,4/11/2006,13200,48.332,0.565,16.24,20.408,6.612,92.157
193,4/12/2006,16000,53.15,0.633,13.792,24.75,6.862,99.187
194,4/13/2006,14800,47.8,0.579,14.267,21.361,6.522,90.529
195,4/14/2006,13500,48.882,0.564,15.942,20.609,6.618,92.615
196,4/15/2006,13000,48.345,0.566,16.407,20.26,6.601,92.179
197,4/16/2006,20000,58.037,0.725,12.513,32.111,6.858,110.244
198,4/17/2006,21300,56.911,0.727,12.311,33.214,7.043,110.206
199,4/18/2006,15500,50.743,0.614,13.881,23.221,6.776,95.235
200,4/19/2006,8620,24.936,0.727,15.162,17.653,6.224,64.702
201,4/20/2006,7500,21.311,0.729,14.051,16.399,6.016,58.506
202,4/21/2006,7400,21.386,0.739,14.09,16.428,6.01,58.653
203,4/22/2006,7100,21.497,0.77,14.154,16.409,5.95,58.78
204,4/23/2006,7480,21.328,0.731,14.059,16.407,6.016,58.541
205,4/24/2006,7500,21.311,0.729,14.051,16.399,6.016,58.506
206,4/25/2006,7710,22.226,0.733,14.227,16.9,6.094,60.18
207,4/26/2006,7880,22.754,0.734,14.35,17.155,6.129,61.122
208,4/27/2006,8670,24.663,0.726,14.779,17.629,6.229,64.026
209,4/28/2006,10300,32.746,0.667,14.67,17.023,6.397,71.503
210,4/29/2006,17400,57.099,0.7,12.623,29.749,7.151,107.322
211,4/30/2006,21500,56.937,0.734,12.482,34.554,7.295,112.002
212,5/1/2006,21200,56.751,0.739,12.048,34.149,7.173,110.86
213,5/2/2006,18900,57.734,0.733,12.421,32.188,7.106,110.182
214,5/3/2006,16700,55.051,0.679,12.607,27.945,7.155,103.437
215,5/4/2006,15400,49.649,0.634,12.311,24.19,7.028,93.812
216,5/5/2006,11100,39.265,0.64,14.749,17.741,6.36,78.755
217,5/6/2006,9190,25.382,0.713,14.85,17.333,6.26,64.538
218,5/7/2006,9100,25.33,0.715,14.853,17.4,6.254,64.552
219,5/8/2006,8770,25.002,0.724,14.812,17.621,6.24,64.399
220,5/9/2006,9290,25.422,0.71,14.841,17.254,6.267,64.494
221,5/10/2006,8630,24.719,0.727,14.768,17.697,6.231,64.142
222,5/11/2006,8940,25.14,0.72,14.844,17.514,6.246,64.464
223,5/12/2006,10600,35.692,0.646,14.713,17.229,6.302,74.582
224,5/13/2006,10600,35.692,0.646,14.713,17.229,6.302,74.582
225,5/14/2006,11000,38.318,0.628,14.744,17.487,6.284,77.461
226,5/15/2006,10600,35.754,0.646,14.714,17.235,6.309,74.658
227,5/16/2006,10100,28.038,0.669,14.61,16.744,6.307,66.368
228,5/17/2006,10300,32.523,0.662,14.666,16.986,6.315,71.152
229,5/18/2006,10600,35.754,0.646,14.714,17.235,6.309,74.658
230,5/19/2006,11100,38.873,0.624,14.749,17.568,6.278,78.092
231,5/20/2006,10600,35.746,0.646,14.711,17.232,6.3,74.635
232,5/21/2006,9430,25.455,0.705,14.818,17.137,6.277,64.392
233,5/22/2006,9520,25.456,0.701,14.796,17.058,6.283,64.294
234,5/23/2006,10300,32.52,0.662,14.666,16.984,6.31,71.142
235,5/24/2006,10900,37.735,0.632,14.74,17.422,6.278,76.807
236,5/25/2006,8200,23.85,0.735,14.554,17.742,6.172,63.053
237,5/26/2006,5640,19.45,0.871,12.881,14.627,4.968,52.797
238,5/27/2006,5990,20.418,0.864,13.494,15.404,5.288,55.468
239,5/28/2006,4950,16.491,0.856,11.236,12.069,4.207,44.859
240,5/29/2006,4560,15.448,0.853,10.52,11.276,3.819,41.916
241,5/30/2006,3990,12.973,0.817,9.046,9.472,3.216,35.524
242,5/31/2006,4150,13.856,0.833,9.584,10.01,3.39,37.673
243,6/1/2006,4180,13.995,0.835,9.669,10.103,3.421,38.023
244,6/2/2006,3740,11.923,0.8,8.527,8.891,2.941,33.082
245,6/3/2006,3760,12.016,0.801,8.571,8.943,2.963,33.294
246,6/4/2006,4340,14.663,0.849,10.041,10.579,3.589,39.721
247,6/5/2006,4320,14.584,0.847,9.985,10.521,3.568,39.505
248,6/6/2006,4300,14.504,0.845,9.941,10.462,3.547,39.299
249,6/7/2006,3580,11.117,0.784,8.153,8.418,2.758,31.23
250,6/8/2006,3480,10.591,0.772,7.906,8.098,2.639,30.006
251,6/9/2006,3370,10,0.758,7.613,7.714,2.505,28.59
252,6/10/2006,3250,9.346,0.741,7.269,7.258,2.354,26.968
253,6/11/2006,3170,8.897,0.729,7.02,6.934,2.249,25.829
254,6/12/2006,3810,12.258,0.813,8.68,9.059,3.019,33.829
255,6/13/2006,3450,10.218,0.768,7.823,7.996,2.603,29.408
256,6/14/2006,3080,8.314,0.712,6.719,6.542,2.126,24.413
257,6/15/2006,3630,11.051,0.792,8.259,8.571,2.816,31.489
258,6/16/2006,3430,10.113,0.766,7.743,7.91,2.578,29.11
259,6/17/2006,3380,9.877,0.759,7.611,7.735,2.517,28.499
260,6/18/2006,3050,8.079,0.705,6.586,6.367,2.084,23.821
261,6/19/2006,2470,5.613,0.587,4.625,3.849,1.253,15.927
262,6/20/2006,2390,5.321,0.57,4.381,3.512,1.138,14.922
263,6/21/2006,2340,5.131,0.558,4.224,3.303,1.065,14.281
264,6/22/2006,2280,4.898,0.545,4.032,3.055,0.979,13.509
265,6/23/2006,2250,4.78,0.538,3.935,2.932,0.936,13.121
266,6/24/2006,2240,4.741,0.536,3.902,2.891,0.922,12.992
267,6/25/2006,2260,4.82,0.541,3.967,2.972,0.95,13.25
268,6/26/2006,2230,4.701,0.533,3.869,2.851,0.908,12.862
269,6/27/2006,2200,4.582,0.526,3.77,2.732,0.865,12.475
270,6/28/2006,2080,4.107,0.495,3.365,2.258,0.697,10.922
271,6/29/2006,1880,3.355,0.434,2.707,1.561,0.434,8.491
272,6/30/2006,1840,3.21,0.422,2.585,1.44,0.386,8.043
31,11/1/2006,517,0.053,0.015,0.001,0.208,0,0.277
32,11/2/2006,543,0.056,0.015,0.001,0.208,0,0.28
33,11/3/2006,572,0.06,0.015,0.001,0.208,0,0.284
34,11/4/2006,511,0.045,0.015,0.001,0.208,0,0.269
35,11/5/2006,514,0.045,0.015,0.001,0.208,0,0.269
36,11/6/2006,515,0.045,0.015,0.001,0.208,0,0.269
37,11/7/2006,519,0.045,0.015,0.001,0.208,0,0.269
38,11/8/2006,518,0.045,0.015,0.001,0.208,0,0.269
39,11/9/2006,514,0.045,0.015,0.001,0.208,0,0.269
40,11/10/2006,512,0.045,0.015,0.001,0.208,0,0.269
41,11/11/2006,515,0.045,0.015,0.001,0.208,0,0.269
42,11/12/2006,520,0.045,0.015,0.001,0.208,0,0.269
43,11/13/2006,526,0.051,0.015,0.001,0.208,0,0.275
44,11/14/2006,533,0.052,0.015,0.001,0.208,0,0.276
45,11/15/2006,538,0.052,0.015,0.001,0.208,0,0.276
46,11/16/2006,537,0.052,0.015,0.001,0.208,0,0.276
47,11/17/2006,526,0.051,0.015,0.001,0.208,0,0.275
48,11/18/2006,525,0.051,0.015,0.001,0.208,0,0.275
49,11/19/2006,524,0.051,0.015,0.001,0.208,0,0.275
50,11/20/2006,524,0.051,0.015,0.001,0.208,0,0.275
51,11/21/2006,522,0.051,0.015,0.001,0.208,0,0.275
52,11/22/2006,532,0.052,0.015,0.001,0.208,0,0.276
53,11/23/2006,546,0.053,0.015,0.001,0.208,0,0.277
54,11/24/2006,539,0.052,0.015,0.001,0.208,0,0.276
55,11/25/2006,522,0.051,0.015,0.001,0.208,0,0.275
56,11/26/2006,529,0.051,0.015,0.001,0.208,0,0.275
57,11/27/2006,558,0.055,0.015,0.001,0.208,0,0.279
58,11/28/2006,567,0.057,0.015,0.001,0.208,0,0.281
59,11/29/2006,573,0.058,0.015,0.001,0.208,0,0.282
60,11/30/2006,574,0.058,0.015,0.001,0.208,0,0.282
61,12/1/2006,556,0.055,0.015,0.001,0.208,0,0.279
62,12/2/2006,529,0.051,0.015,0.001,0.208,0,0.275
63,12/3/2006,529,0.051,0.015,0.001,0.208,0,0.275
64,12/4/2006,538,0.052,0.015,0.001,0.208,0,0.276
65,12/5/2006,545,0.053,0.015,0.001,0.208,0,0.277
66,12/6/2006,564,0.056,0.015,0.001,0.208,0,0.28
67,12/7/2006,575,0.058,0.015,0.001,0.208,0,0.282
68,12/8/2006,568,0.057,0.015,0.001,0.208,0,0.281
69,12/9/2006,620,0.076,0.015,0.001,0.208,0,0.3
70,12/10/2006,784,0.183,0.023,0.048,0.151,0,0.405
71,12/11/2006,700,0.108,0.015,0.007,0.15,0,0.28
72,12/12/2006,740,0.139,0.02,0.02,0.15,0.001,0.33
73,12/13/2006,852,0.278,0.031,0.127,0.233,0,0.669
74,12/14/2006,794,0.195,0.024,0.057,0.151,0,0.427
75,12/15/2006,736,0.136,0.02,0.018,0.15,0.002,0.326
76,12/16/2006,737,0.137,0.02,0.019,0.15,0.002,0.328
77,12/17/2006,713,0.117,0.018,0.01,0.15,0.002,0.297
78,12/18/2006,693,0.105,0.015,0.006,0.156,0,0.282
79,12/19/2006,675,0.096,0.015,0.004,0.17,0,0.285
80,12/20/2006,672,0.094,0.015,0.004,0.172,0,0.285
81,12/21/2006,698,0.107,0.015,0.007,0.152,0,0.281
82,12/22/2006,897,0.357,0.037,0.197,0.26,0,0.851
83,12/23/2006,784,0.205,0.023,0.048,0.177,0,0.453
84,12/24/2006,735,0.156,0.02,0.018,0.176,0.002,0.372
85,12/25/2006,727,0.149,0.019,0.015,0.176,0.002,0.361
86,12/26/2006,737,0.158,0.02,0.019,0.176,0.002,0.375
87,12/27/2006,969,0.52,0.052,0.34,0.216,0,1.128
88,12/28/2006,906,0.377,0.038,0.212,0.26,0,0.887
89,12/29/2006,1330,1.637,0.198,1.209,0.196,0.011,3.251
90,12/30/2006,1200,1.208,0.138,0.877,0.063,0.001,2.287
91,12/31/2006,1170,1.107,0.125,0.803,0.05,0,2.085
92,1/1/2007,1190,1.174,0.134,0.852,0.058,0.001,2.219
93,1/2/2007,1090,0.856,0.095,0.611,0.03,0,1.592
94,1/3/2007,1320,1.619,0.192,1.182,0.181,0.009,3.183
95,1/4/2007,1460,2.01,0.258,1.568,0.414,0.053,4.303
96,1/5/2007,1900,3.557,0.481,2.845,1.74,0.47,9.093
97,1/6/2007,1940,3.733,0.5,2.975,1.9,0.527,9.635
98,1/7/2007,1950,3.778,0.504,3.006,1.942,0.541,9.771
99,1/8/2007,1950,3.778,0.504,3.006,1.942,0.541,9.771
100,1/9/2007,1900,3.557,0.481,2.834,1.74,0.47,9.082
101,1/10/2007,1690,2.74,0.371,2.22,1.007,0.223,6.561
102,1/11/2007,1460,1.992,0.258,1.568,0.414,0.053,4.285
103,1/12/2007,1300,1.557,0.18,1.128,0.158,0.006,3.029
104,1/13/2007,1210,1.242,0.141,0.902,0.068,0.001,2.354
105,1/14/2007,1180,1.14,0.129,0.827,0.054,0,2.15
106,1/15/2007,1150,1.041,0.116,0.754,0.04,0,1.951
107,1/16/2007,1150,1.041,0.116,0.754,0.04,0,1.951
108,1/17/2007,1130,0.978,0.108,0.706,0.035,0,1.827
109,1/18/2007,1050,0.74,0.08,0.52,0.021,0,1.361
110,1/19/2007,1050,0.74,0.08,0.52,0.021,0,1.361
111,1/20/2007,1050,0.74,0.08,0.52,0.021,0,1.361
112,1/21/2007,1060,0.768,0.083,0.542,0.022,0,1.415
113,1/22/2007,1040,0.713,0.076,0.498,0.021,0,1.308
114,1/23/2007,937,0.436,0.045,0.269,0.238,0,0.988
115,1/24/2007,926,0.413,0.042,0.247,0.245,0,0.947
116,1/25/2007,1020,0.66,0.068,0.455,0.172,0,1.355
117,1/26/2007,1070,0.796,0.087,0.565,0.177,0,1.625
118,1/27/2007,1060,0.768,0.083,0.542,0.176,0,1.569
119,1/28/2007,1060,0.768,0.083,0.542,0.176,0,1.569
120,1/29/2007,1030,0.686,0.072,0.476,0.173,0,1.407
121,1/30/2007,889,0.344,0.036,0.184,0.245,0,0.809
122,1/31/2007,868,0.312,0.032,0.15,0.235,0,0.729
123,2/1/2007,873,0.319,0.033,0.158,0.239,0,0.749
124,2/2/2007,879,0.328,0.034,0.168,0.244,0,0.774
125,2/3/2007,867,0.311,0.032,0.149,0.234,0,0.726
126,2/4/2007,866,0.309,0.032,0.147,0.233,0,0.721
127,2/5/2007,864,0.306,0.032,0.144,0.231,0,0.713
128,2/6/2007,857,0.296,0.031,0.134,0.225,0,0.686
129,2/7/2007,874,0.321,0.033,0.16,0.24,0,0.754
130,2/8/2007,940,0.441,0.046,0.276,0.235,0,0.998
131,2/9/2007,1360,1.701,0.212,1.279,0.456,0.017,3.665
132,2/10/2007,4950,21.525,1.195,11.286,17.554,5.983,57.543
133,2/11/2007,10000,33.376,1.003,14.568,24.723,9.395,83.065
134,2/12/2007,5180,22.762,1.218,11.787,18.553,6.403,60.723
135,2/13/2007,4560,19.869,1.164,10.52,15.969,5.35,52.872
136,2/14/2007,2850,8.203,0.797,5.972,6.976,2.11,24.058
137,2/15/2007,1810,3.101,0.412,2.484,1.349,0.352,7.698
138,2/16/2007,1710,2.742,0.372,2.2,1.054,0.243,6.611
139,2/17/2007,1670,2.608,0.354,2.092,0.939,0.203,6.196
140,2/18/2007,1640,2.512,0.341,2.012,0.855,0.176,5.896
141,2/19/2007,1610,2.416,0.328,1.931,0.773,0.151,5.599
142,2/20/2007,1590,2.352,0.319,1.878,0.721,0.135,5.405
143,2/21/2007,1580,2.32,0.315,1.85,0.695,0.128,5.308
144,2/22/2007,1700,2.704,0.367,2.173,1.025,0.232,6.501
145,2/23/2007,1760,2.922,0.394,2.34,1.199,0.296,7.151
146,2/24/2007,2760,6.973,0.653,6.052,5.197,1.687,20.562
147,2/25/2007,3880,14.418,0.947,9.14,10.88,3.506,38.891
148,2/26/2007,4390,17.747,1.042,10.444,13.347,4.428,47.008
149,2/27/2007,4470,18.179,1.054,10.612,13.717,4.568,48.13
150,2/28/2007,4350,17.521,1.036,10.357,13.157,4.351,46.422
151,3/1/2007,4070,15.678,0.985,9.614,11.695,3.852,41.824
152,3/2/2007,2920,7.593,0.69,6.538,5.89,1.905,22.616
153,3/3/2007,2460,5.687,0.585,4.934,3.812,1.239,16.257
154,3/4/2007,2390,5.419,0.57,4.699,3.512,1.138,15.338
155,3/5/2007,2340,5.218,0.558,4.521,3.303,1.065,14.665
156,3/6/2007,2310,5.094,0.552,4.41,3.178,1.022,14.256
157,3/7/2007,2290,5.011,0.547,4.334,3.096,0.993,13.981
158,3/8/2007,2290,5.011,0.547,4.334,3.096,0.993,13.981
159,3/9/2007,2180,4.544,0.521,3.886,2.653,0.837,12.441
160,3/10/2007,1930,3.539,0.448,2.86,1.705,0.495,9.047
161,3/11/2007,1920,3.502,0.445,2.821,1.675,0.482,8.925
162,3/12/2007,1850,3.246,0.425,2.602,1.466,0.398,8.137
163,3/13/2007,1640,2.512,0.341,2.012,0.854,0.176,5.895
164,3/14/2007,1480,1.99,0.267,1.578,0.457,0.063,4.355
165,3/15/2007,1470,1.97,0.262,1.554,0.435,0.058,4.279
166,3/16/2007,1470,1.97,0.262,1.554,0.435,0.058,4.279
167,3/17/2007,1470,1.97,0.262,1.554,0.435,0.058,4.279
168,3/18/2007,1450,1.928,0.253,1.504,0.393,0.048,4.126
169,3/19/2007,1440,1.906,0.249,1.479,0.373,0.044,4.051
170,3/20/2007,1420,1.863,0.24,1.429,0.334,0.036,3.902
171,3/21/2007,1430,1.885,0.245,1.454,0.353,0.04,3.977
172,3/22/2007,1430,1.885,0.245,1.454,0.353,0.04,3.977
173,3/23/2007,1420,1.863,0.24,1.429,0.334,0.036,3.902
174,3/24/2007,1410,1.842,0.236,1.404,0.315,0.032,3.829
175,3/25/2007,1400,1.82,0.231,1.379,0.297,0.029,3.756
176,3/26/2007,1420,1.863,0.24,1.429,0.334,0.036,3.902
177,3/27/2007,1450,1.928,0.253,1.504,0.393,0.048,4.126
178,3/28/2007,1410,1.837,0.236,1.404,0.315,0.032,3.824
179,3/29/2007,1400,1.815,0.231,1.379,0.297,0.029,3.751
180,3/30/2007,1410,1.837,0.236,1.404,0.315,0.032,3.824
181,3/31/2007,1420,1.859,0.24,1.429,0.334,0.036,3.898
182,4/1/2007,1410,1.837,0.236,1.404,0.315,0.032,3.824
183,4/2/2007,1390,1.776,0.226,1.354,0.28,0.025,3.661
184,4/3/2007,1390,1.776,0.226,1.354,0.28,0.025,3.661
185,4/4/2007,1380,1.752,0.222,1.329,0.264,0.022,3.589
186,4/5/2007,1240,1.334,0.155,0.977,0.09,0.002,2.558
187,4/6/2007,934,0.426,0.044,0.263,0.241,0,0.974
188,4/7/2007,909,0.377,0.039,0.217,0.245,0,0.878
189,4/8/2007,895,0.353,0.036,0.193,0.245,0,0.827
190,4/9/2007,851,0.277,0.031,0.125,0.219,0,0.652
191,4/10/2007,773,0.171,0.022,0.04,0.168,0,0.401
192,4/11/2007,764,0.162,0.022,0.033,0.168,0,0.385
193,4/12/2007,772,0.17,0.022,0.039,0.168,0,0.399
194,4/13/2007,739,0.138,0.02,0.02,0.167,0.002,0.347
195,4/14/2007,738,0.138,0.02,0.019,0.167,0.002,0.346
196,4/15/2007,767,0.165,0.022,0.035,0.168,0,0.39
197,4/16/2007,813,0.217,0.028,0.077,0.181,0,0.503
198,4/17/2007,803,0.205,0.025,0.066,0.171,0,0.467
199,4/18/2007,835,0.255,0.029,0.103,0.203,0,0.59
200,4/19/2007,806,0.219,0.026,0.069,0.174,0,0.488
201,4/20/2007,814,0.229,0.028,0.078,0.182,0,0.517
202,4/21/2007,855,0.283,0.031,0.131,0.223,0,0.668
203,4/22/2007,1030,0.687,0.073,0.476,0.174,0,1.41
204,4/23/2007,1010,0.634,0.064,0.434,0.172,0,1.304
205,4/24/2007,880,0.33,0.034,0.169,0.245,0,0.778
206,4/25/2007,838,0.27,0.03,0.107,0.207,0,0.614
207,4/26/2007,839,0.271,0.03,0.109,0.207,0,0.617
208,4/27/2007,808,0.232,0.027,0.071,0.177,0,0.507
209,4/28/2007,847,0.282,0.031,0.12,0.215,0,0.648
210,4/29/2007,871,0.316,0.033,0.155,0.237,0,0.741
211,4/30/2007,909,0.38,0.039,0.217,0.245,0,0.881
212,5/1/2007,1110,0.915,0.101,0.658,0.029,0,1.703
213,5/2/2007,1120,0.945,0.105,0.682,0.035,0,1.767
214,5/3/2007,1110,0.915,0.101,0.658,0.028,0,1.702
215,5/4/2007,1050,0.74,0.079,0.52,0.021,0,1.36
216,5/5/2007,1040,0.713,0.076,0.498,0.021,0,1.308
217,5/6/2007,1000,0.608,0.059,0.413,0.018,0,1.098
218,5/7/2007,1020,0.66,0.068,0.455,0.019,0,1.202
219,5/8/2007,1050,0.74,0.079,0.52,0.021,0,1.36
220,5/9/2007,1050,0.74,0.079,0.52,0.021,0,1.36
221,5/10/2007,1000,0.608,0.059,0.413,0.018,0,1.098
222,5/11/2007,1010,0.633,0.064,0.434,0.018,0,1.149
223,5/12/2007,1010,0.633,0.064,0.434,0.018,0,1.149
224,5/13/2007,1020,0.66,0.068,0.455,0.019,0,1.202
225,5/14/2007,1020,0.66,0.068,0.455,0.019,0,1.202
226,5/15/2007,1050,0.74,0.079,0.52,0.021,0,1.36
227,5/16/2007,1020,0.66,0.068,0.455,0.019,0,1.202
228,5/17/2007,1040,0.713,0.076,0.498,0.021,0,1.308
229,5/18/2007,1010,0.633,0.064,0.434,0.018,0,1.149
230,5/19/2007,1010,0.633,0.064,0.434,0.018,0,1.149
231,5/20/2007,1020,0.66,0.068,0.455,0.019,0,1.202
232,5/21/2007,1010,0.633,0.064,0.434,0.018,0,1.149
233,5/22/2007,1030,0.686,0.072,0.476,0.02,0,1.254
234,5/23/2007,1040,0.713,0.076,0.498,0.021,0,1.308
235,5/24/2007,1020,0.66,0.068,0.455,0.019,0,1.202
236,5/25/2007,1020,0.66,0.068,0.455,0.019,0,1.202
237,5/26/2007,1020,0.66,0.068,0.455,0.019,0,1.202
238,5/27/2007,1020,0.66,0.068,0.455,0.019,0,1.202
239,5/28/2007,1000,0.608,0.059,0.413,0.018,0,1.098
240,5/29/2007,1010,0.633,0.064,0.434,0.018,0,1.149
241,5/30/2007,998,0.602,0.059,0.408,0.035,0,1.104
242,5/31/2007,999,0.605,0.059,0.411,0.035,0,1.11
243,6/1/2007,919,0.399,0.04,0.235,0.346,0,1.02
244,6/2/2007,808,0.222,0.027,0.071,0.031,0,0.351
245,6/3/2007,802,0.215,0.025,0.065,0.03,0,0.335
246,6/4/2007,808,0.222,0.027,0.071,0.031,0,0.351
247,6/5/2007,826,0.244,0.029,0.092,0.036,0,0.401
248,6/6/2007,778,0.177,0.023,0.044,0.029,0,0.273
249,6/7/2007,808,0.211,0.027,0.071,0.031,0,0.34
250,6/8/2007,805,0.208,0.026,0.068,0.031,0,0.333
251,6/9/2007,787,0.187,0.023,0.051,0.012,0,0.273
252,6/10/2007,787,0.187,0.023,0.051,0.012,0,0.273
253,6/11/2007,779,0.178,0.023,0.044,0.012,0,0.257
254,6/12/2007,780,0.179,0.023,0.045,0.012,0,0.259
255,6/13/2007,779,0.178,0.023,0.044,0.012,0,0.257
256,6/14/2007,791,0.191,0.024,0.054,0.012,0,0.281
257,6/15/2007,796,0.197,0.024,0.059,0.012,0,0.292
258,6/16/2007,741,0.14,0.02,0.021,0.15,0.001,0.332
259,6/17/2007,722,0.124,0.019,0.013,0.15,0.001,0.307
260,6/18/2007,692,0.104,0.015,0.006,0.157,0,0.282
261,6/19/2007,504,0.049,0.015,0,0.208,0,0.272
262,6/20/2007,495,0.048,0.015,0,0.208,0,0.271
263,6/21/2007,498,0.048,0.015,0,0.208,0,0.271
264,6/22/2007,511,0.049,0.015,0.001,0.208,0,0.273
265,6/23/2007,589,0.061,0.015,0.001,0.208,0,0.285
266,6/24/2007,547,0.054,0.015,0.001,0.208,0,0.278
267,6/25/2007,494,0.048,0.015,0,0.208,0,0.271
268,6/26/2007,516,0.05,0.015,0.001,0.208,0,0.274
269,6/27/2007,508,0.049,0.015,0.001,0.208,0,0.273
270,6/28/2007,501,0.048,0.015,0,0.208,0,0.271
271,6/29/2007,506,0.049,0.015,0,0.208,0,0.272
272,6/30/2007,513,0.05,0.015,0.001,0.208,0,0.274
31,11/1/2010,567,0.057,0.015,0.001,0.208,0,0.281
32,11/2/2010,541,0.053,0.015,0.001,0.208,0,0.277
33,11/3/2010,532,0.052,0.015,0.001,0.208,0,0.276
34,11/4/2010,538,0.052,0.015,0.001,0.208,0,0.276
35,11/5/2010,542,0.053,0.015,0.001,0.208,0,0.277
36,11/6/2010,539,0.053,0.015,0.001,0.208,0,0.277
37,11/7/2010,574,0.058,0.015,0.001,0.208,0,0.282
38,11/8/2010,693,0.105,0.015,0.006,0.156,0,0.282
39,11/9/2010,597,0.063,0.015,0.001,0.208,0,0.287
40,11/10/2010,569,0.057,0.015,0.001,0.208,0,0.281
41,11/11/2010,541,0.053,0.015,0.001,0.208,0,0.277
42,11/12/2010,535,0.052,0.015,0.001,0.208,0,0.276
43,11/13/2010,545,0.053,0.015,0.001,0.208,0,0.277
44,11/14/2010,559,0.055,0.015,0.001,0.208,0,0.279
45,11/15/2010,550,0.054,0.015,0.001,0.208,0,0.278
46,11/16/2010,555,0.055,0.015,0.001,0.208,0,0.279
47,11/17/2010,551,0.054,0.015,0.001,0.208,0,0.278
48,11/18/2010,552,0.054,0.015,0.001,0.208,0,0.278
49,11/19/2010,564,0.056,0.015,0.001,0.208,0,0.28
50,11/20/2010,711,0.116,0.017,0.01,0.15,0.001,0.294
51,11/21/2010,1280,1.613,0.213,1.076,0.321,0.007,3.23
52,11/22/2010,771,0.199,0.022,0.038,0.151,0,0.41
53,11/23/2010,837,0.277,0.03,0.106,0.218,0,0.631
54,11/24/2010,982,0.562,0.056,0.371,0.049,0,1.038
55,11/25/2010,823,0.24,0.028,0.088,0.046,0,0.402
56,11/26/2010,792,0.203,0.024,0.055,0.038,0,0.32
57,11/27/2010,793,0.204,0.024,0.056,0.038,0,0.322
58,11/28/2010,828,0.246,0.029,0.094,0.047,0,0.416
59,11/29/2010,804,0.206,0.026,0.067,0.04,0,0.339
60,11/30/2010,776,0.175,0.023,0.042,0.012,0,0.252
61,12/1/2010,775,0.174,0.023,0.041,0.012,0,0.25
62,12/2/2010,761,0.159,0.022,0.031,0.012,0,0.224
63,12/3/2010,768,0.166,0.022,0.036,0.012,0,0.236
64,12/4/2010,781,0.18,0.023,0.046,0.012,0,0.261
65,12/5/2010,794,0.195,0.024,0.057,0.012,0,0.288
66,12/6/2010,1940,3.707,0.513,2.901,2.021,0.56,9.702
67,12/7/2010,3030,9.886,0.926,6.514,8.787,2.813,28.926
68,12/8/2010,2800,8.51,0.858,5.812,7.428,2.322,24.93
69,12/9/2010,1470,1.974,0.262,1.557,0.491,0.058,4.342
70,12/10/2010,1250,1.398,0.159,1.003,0.122,0.003,2.685
71,12/11/2010,1380,1.781,0.222,1.331,0.334,0.023,3.691
72,12/12/2010,1360,1.734,0.212,1.281,0.3,0.017,3.544
73,12/13/2010,1330,1.665,0.197,1.205,0.252,0.011,3.33
74,12/14/2010,1390,1.805,0.226,1.357,0.351,0.026,3.765
75,12/15/2010,2910,7.539,0.68,6.185,5.852,1.889,22.145
76,12/16/2010,3790,12.517,0.804,8.795,9.082,2.999,34.197
77,12/17/2010,3940,13.252,0.814,9.282,9.438,3.164,35.95
78,12/18/2010,10200,34.2,0.748,16.048,18.835,6.915,76.746
79,12/19/2010,24600,50.382,0.629,16.295,30.142,7.589,105.037
80,12/20/2010,20400,59.313,0.757,12.085,35.273,7.423,114.851
81,12/21/2010,14200,50.696,0.662,13.116,24.118,7.48,96.072
82,12/22/2010,11500,45.541,0.708,15.649,20.644,7.352,89.894
83,12/23/2010,9580,27.853,0.753,16.345,18.064,6.601,69.616
84,12/24/2010,8100,25.107,0.742,16.463,17.838,6.18,66.33
85,12/25/2010,7170,22.861,0.763,16.333,16.441,5.973,62.371
86,12/26/2010,8180,25.326,0.744,16.49,17.88,6.192,66.632
87,12/27/2010,6990,22.872,0.781,16.389,16.396,5.918,62.356
88,12/28/2010,6310,22.435,0.844,16.25,15.934,5.542,61.005
89,12/29/2010,13000,50.646,0.689,14.375,24.219,7.777,97.706
90,12/30/2010,8690,27.257,0.776,16.592,18.785,6.487,69.897
91,12/31/2010,6110,22.033,0.857,16.062,15.615,5.388,59.955
92,1/1/2011,4810,17.111,0.857,12.866,11.917,4.069,46.82
93,1/2/2011,5210,18.818,0.864,14.198,13.007,4.506,51.393
94,1/3/2011,4970,17.542,0.855,13.338,12.09,4.227,48.052
95,1/4/2011,4310,15.11,0.843,10.923,10.49,3.558,40.924
96,1/5/2011,4160,14.36,0.832,10.302,10.041,3.4,38.935
97,1/6/2011,4080,13.896,0.825,9.886,9.749,3.315,37.671
98,1/7/2011,3410,10.018,0.763,7.698,7.841,2.554,28.874
99,1/8/2011,3190,8.938,0.731,7.057,6.997,2.275,25.998
100,1/9/2011,3140,8.667,0.723,6.897,6.791,2.208,25.286
101,1/10/2011,3110,8.493,0.718,6.798,6.664,2.167,24.84
102,1/11/2011,3100,8.432,0.716,6.765,6.62,2.154,24.687
103,1/12/2011,3090,8.369,0.714,6.731,6.575,2.14,24.529
104,1/13/2011,3140,8.667,0.723,6.897,6.791,2.208,25.286
105,1/14/2011,3170,8.829,0.728,6.994,6.915,2.249,25.715
106,1/15/2011,3140,8.667,0.723,6.897,6.791,2.208,25.286
107,1/16/2011,3140,8.667,0.723,6.897,6.791,2.208,25.286
108,1/17/2011,3150,8.722,0.725,6.93,6.832,2.222,25.431
109,1/18/2011,3170,8.829,0.728,6.994,6.915,2.249,25.715
110,1/19/2011,3200,8.989,0.733,7.089,7.037,2.289,26.137
111,1/20/2011,3210,9.04,0.734,7.121,7.077,2.302,26.274
112,1/21/2011,3220,9.09,0.736,7.151,7.117,2.315,26.409
113,1/22/2011,3220,9.09,0.736,7.151,7.117,2.315,26.409
114,1/23/2011,3220,9.09,0.736,7.151,7.117,2.315,26.409
115,1/24/2011,3230,9.14,0.737,7.182,7.157,2.328,26.544
116,1/25/2011,3230,9.14,0.737,7.182,7.157,2.328,26.544
117,1/26/2011,3190,8.938,0.731,7.059,6.997,2.275,26
118,1/27/2011,3180,8.886,0.73,7.027,6.956,2.262,25.861
119,1/28/2011,3180,8.886,0.73,7.027,6.956,2.262,25.861
120,1/29/2011,3220,9.09,0.736,7.151,7.117,2.315,26.409
121,1/30/2011,3380,9.884,0.759,7.611,7.743,2.517,28.514
122,1/31/2011,3210,9.04,0.734,7.121,7.077,2.302,26.274
123,2/1/2011,2960,7.58,0.688,6.298,5.951,1.955,22.472
124,2/2/2011,2950,7.545,0.686,6.27,5.919,1.942,22.362
125,2/3/2011,2960,7.58,0.688,6.298,5.951,1.955,22.472
126,2/4/2011,2950,7.545,0.686,6.27,5.919,1.942,22.362
127,2/5/2011,2850,7.173,0.67,5.972,5.579,1.808,21.202
128,2/6/2011,2830,7.099,0.666,5.909,5.507,1.781,20.962
129,2/7/2011,2710,6.625,0.643,5.503,4.95,1.616,19.337
130,2/8/2011,2510,5.761,0.596,4.755,4.024,1.314,16.45
131,2/9/2011,2500,5.717,0.593,4.715,3.97,1.296,16.291
132,2/10/2011,2490,5.682,0.591,4.685,3.93,1.282,16.17
133,2/11/2011,2360,5.207,0.563,4.287,3.396,1.096,14.549
134,2/12/2011,2290,4.937,0.547,4.065,3.106,0.996,13.651
135,2/13/2011,2280,4.898,0.545,4.032,3.065,0.982,13.522
136,2/14/2011,2290,4.937,0.547,4.065,3.106,0.996,13.651
137,2/15/2011,2450,5.542,0.583,4.565,3.769,1.225,15.684
138,2/16/2011,3220,9.14,0.739,7.155,7.13,2.32,26.484
139,2/17/2011,3970,13.859,0.91,9.023,10.15,3.379,37.321
140,2/18/2011,4340,16.312,0.984,10.076,12.006,4.006,43.384
141,2/19/2011,5520,22.21,1.127,12.632,17.429,6.079,59.477
142,2/20/2011,4560,17.452,1.019,10.535,13.066,4.384,46.456
143,2/21/2011,4080,14.67,0.935,9.361,10.718,3.563,39.247
144,2/22/2011,3680,11.946,0.849,8.392,9.066,2.93,33.183
145,2/23/2011,2830,7.124,0.667,5.939,5.599,1.781,21.11
146,2/24/2011,2690,6.561,0.639,5.471,5.036,1.589,19.296
147,2/25/2011,6820,25.801,1.084,14.143,21.377,7.66,70.065
148,2/26/2011,5460,21.418,1.095,12.434,16.656,5.771,57.374
149,2/27/2011,4220,15.092,0.931,9.766,10.975,3.627,40.391
150,2/28/2011,3760,12.204,0.832,8.572,9.109,2.979,33.696
151,3/1/2011,2920,7.455,0.682,6.21,5.915,1.902,22.164
152,3/2/2011,2970,7.629,0.69,6.351,6.079,1.97,22.719
153,3/3/2011,3960,12.866,0.815,8.991,9.478,3.185,35.335
154,3/4/2011,4730,16.021,0.868,10.859,11.753,3.992,43.493
155,3/5/2011,4520,15.328,0.853,10.441,11.189,3.778,41.589
156,3/6/2011,4800,16.232,0.875,10.988,11.934,4.064,44.093
157,3/7/2011,5310,18.601,0.938,12.102,13.847,4.716,50.204
158,3/8/2011,5280,18.437,0.934,12.033,13.717,4.673,49.794
159,3/9/2011,4830,16.309,0.877,11.043,12.03,4.095,44.354
160,3/10/2011,4610,15.628,0.859,10.627,11.453,3.87,42.437
161,3/11/2011,4620,15.661,0.86,10.647,11.48,3.88,42.528
162,3/12/2011,4240,14.261,0.839,9.827,10.382,3.488,38.797
163,3/13/2011,3890,12.591,0.812,8.853,9.325,3.109,34.69
164,3/14/2011,4830,16.247,0.86,11.046,11.963,4.089,44.205
165,3/15/2011,7040,21.555,0.779,14.366,16.409,5.935,59.044
166,3/16/2011,26900,41.314,0.564,16.633,24.441,7.348,90.3
167,3/17/2011,16400,53.514,0.655,12.719,26.309,6.97,100.167
168,3/18/2011,14800,46.518,0.589,12.732,21.621,6.621,88.081
169,3/19/2011,19700,56.834,0.73,12.267,32.14,6.929,108.9
170,3/20/2011,19200,57.105,0.725,12.378,31.547,6.939,108.694
171,3/21/2011,13600,47.249,0.574,14.005,20.849,6.721,89.398
172,3/22/2011,10900,38.937,0.631,15.525,18.064,6.442,79.599
173,3/23/2011,9550,25.918,0.7,15.575,17.044,6.288,65.525
174,3/24/2011,11500,42.082,0.609,15.489,18.794,6.478,83.452
175,3/25/2011,13700,47.407,0.575,13.902,20.907,6.719,89.51
176,3/26/2011,14000,47.467,0.577,13.588,21.047,6.702,89.381
177,3/27/2011,11700,42.475,0.601,15.39,18.133,6.499,83.098
178,3/28/2011,8260,24.317,0.734,15.392,17.742,6.182,64.367
179,3/29/2011,7300,21.552,0.749,14.561,16.433,5.997,59.292
180,3/30/2011,6630,21.38,0.815,14.108,16.218,5.748,58.269
181,3/31/2011,6980,21.528,0.782,14.319,16.38,5.912,58.921
182,4/1/2011,7020,21.537,0.778,14.349,16.39,5.926,58.98
183,4/2/2011,6860,21.493,0.793,14.234,16.339,5.863,58.722
184,4/3/2011,7330,21.553,0.746,14.579,16.438,6.006,59.322
185,4/4/2011,7660,22.336,0.736,14.862,16.84,6.091,60.865
186,4/5/2011,7210,21.531,0.758,14.491,16.418,5.981,59.179
187,4/6/2011,6590,21.318,0.818,14.083,16.165,5.725,58.109
188,4/7/2011,6030,20.513,0.862,13.555,15.482,5.322,55.734
189,4/8/2011,6110,20.681,0.857,13.659,15.615,5.388,56.2
190,4/9/2011,5380,18.323,0.869,12.26,13.516,4.691,49.659
191,4/10/2011,4740,16,0.857,10.875,11.715,4,43.447
192,4/11/2011,4660,15.769,0.856,10.721,11.528,3.92,42.794
193,4/12/2011,4610,15.614,0.855,10.622,11.404,3.869,42.364
194,4/13/2011,4590,15.549,0.855,10.582,11.353,3.849,42.188
195,4/14/2011,4580,15.517,0.854,10.561,11.327,3.839,42.098
196,4/15/2011,4530,15.35,0.853,10.459,11.197,3.788,41.647
197,4/16/2011,4520,15.317,0.852,10.438,11.17,3.778,41.555
198,4/17/2011,4520,15.317,0.852,10.438,11.17,3.778,41.555
199,4/18/2011,5000,16.589,0.851,11.307,12.181,4.256,45.184
200,4/19/2011,6510,21.293,0.825,14.033,16.143,5.677,57.971
201,4/20/2011,6150,20.778,0.855,13.711,15.712,5.421,56.477
202,4/21/2011,9660,27.84,0.79,14.753,19.402,6.931,69.716
203,4/22/2011,14100,52.207,0.686,13.104,25.322,7.75,99.069
204,4/23/2011,10500,38.584,0.772,14.695,20.441,7.205,81.697
205,4/24/2011,7840,23.515,0.761,14.323,18.23,6.236,63.065
206,4/25/2011,8570,25.977,0.785,14.74,19.178,6.512,67.192
207,4/26/2011,8270,25.133,0.78,14.594,18.935,6.387,65.829
208,4/27/2011,7940,23.908,0.766,14.391,18.413,6.263,63.741
209,4/28/2011,6430,21.182,0.833,13.977,16.007,5.625,57.624
210,4/29/2011,6000,20.446,0.864,13.512,15.429,5.297,55.548
211,4/30/2011,4660,15.947,0.856,10.769,11.766,3.94,43.278
212,5/1/2011,4670,15.978,0.857,10.789,11.791,3.95,43.365
213,5/2/2011,4740,16.181,0.857,10.926,11.961,4.016,43.941
214,5/3/2011,4670,15.978,0.857,10.789,11.791,3.95,43.365
215,5/4/2011,5370,18.51,0.87,12.309,13.867,4.696,50.252
216,5/5/2011,6290,21.044,0.845,14.018,15.876,5.527,57.31
217,5/6/2011,6670,21.565,0.811,14.668,16.235,5.772,59.051
218,5/7/2011,7340,21.949,0.753,15.167,16.622,6.039,60.53
219,5/8/2011,8030,24.672,0.77,15.564,18.512,6.296,65.814
220,5/9/2011,7010,21.792,0.779,15.073,16.393,5.935,59.972
221,5/10/2011,6430,21.258,0.833,14.265,16.049,5.625,58.03
222,5/11/2011,6160,20.803,0.855,13.793,15.722,5.429,56.602
223,5/12/2011,6610,21.481,0.816,14.572,16.196,5.736,58.801
224,5/13/2011,6710,21.584,0.807,14.728,16.259,5.791,59.169
225,5/14/2011,7010,21.794,0.778,15.073,16.375,5.923,59.943
226,5/15/2011,7140,21.824,0.766,15.141,16.403,5.965,60.099
227,5/16/2011,7230,21.826,0.756,15.162,16.428,5.988,60.16
228,5/17/2011,7450,21.761,0.736,15.134,16.466,6.026,60.123
229,5/18/2011,7550,22.027,0.735,15.173,16.616,6.055,60.606
230,5/19/2011,6530,21.387,0.824,14.438,16.138,5.689,58.476
231,5/20/2011,6510,21.362,0.826,14.404,16.122,5.676,58.39
232,5/21/2011,6520,21.375,0.825,14.421,16.13,5.683,58.434
233,5/22/2011,6530,21.387,0.824,14.438,16.138,5.689,58.476
234,5/23/2011,7170,21.807,0.762,15.15,16.414,5.973,60.106
235,5/24/2011,6900,21.729,0.789,14.975,16.347,5.881,59.721
236,5/25/2011,6770,21.635,0.801,14.813,16.293,5.821,59.363
237,5/26/2011,7300,21.793,0.749,15.164,16.442,6.004,60.152
238,5/27/2011,5800,19.68,0.869,13.183,15.014,5.119,53.865
239,5/28/2011,5510,18.786,0.87,12.609,13.867,4.817,50.949
240,5/29/2011,5310,18.056,0.867,12.133,13.317,4.619,48.992
241,5/30/2011,4830,16.245,0.857,11.057,11.962,4.089,44.21
242,5/31/2011,5180,17.497,0.862,11.813,12.915,4.472,47.559
243,6/1/2011,5270,17.892,0.866,12.039,13.199,4.575,48.571
244,6/2/2011,5490,18.718,0.87,12.534,13.815,4.798,50.735
245,6/3/2011,5080,17.014,0.857,11.546,12.549,4.354,46.32
246,6/4/2011,4900,16.402,0.857,11.175,12.075,4.158,44.667
247,6/5/2011,4950,16.502,0.856,11.253,12.135,4.207,44.953
248,6/6/2011,5920,20.198,0.866,13.387,15.271,5.226,54.948
249,6/7/2011,7710,22.715,0.737,15.05,17.164,6.11,61.776
250,6/8/2011,6630,21.386,0.815,14.124,16.224,5.748,58.297
251,6/9/2011,6800,21.486,0.799,14.243,16.321,5.835,58.684
252,6/10/2011,7610,22.172,0.731,15.059,16.799,6.065,60.826
253,6/11/2011,8510,25.377,0.729,16.491,17.732,6.216,66.545
254,6/12/2011,8910,26.183,0.72,16.808,17.52,6.251,67.482
255,6/13/2011,8970,26.271,0.719,16.828,17.481,6.256,67.555
256,6/14/2011,9850,26.988,0.7,16.618,17.008,6.438,67.752
257,6/15/2011,10600,38.43,0.693,16.651,18.036,6.611,80.421
258,6/16/2011,10700,39.327,0.69,16.659,18.182,6.627,81.485
259,6/17/2011,10100,29.878,0.695,16.543,17.131,6.507,70.754
260,6/18/2011,8330,24.588,0.733,16.25,17.763,6.195,65.529
261,6/19/2011,8030,23.718,0.735,15.784,17.709,6.158,64.104
262,6/20/2011,8090,23.909,0.735,15.881,17.741,6.166,64.432
263,6/21/2011,8200,24.234,0.735,16.055,17.769,6.18,64.973
264,6/22/2011,8690,25.418,0.726,16.67,17.616,6.232,66.662
265,6/23/2011,8300,24.509,0.734,16.206,17.768,6.191,65.408
266,6/24/2011,8650,25.338,0.726,16.635,17.639,6.229,66.567
267,6/25/2011,7560,21.865,0.73,14.966,16.65,6.044,60.255
268,6/26/2011,9080,26.21,0.725,16.85,17.457,6.302,67.544
269,6/27/2011,8330,24.603,0.733,16.252,17.77,6.2,65.558
270,6/28/2011,8010,23.66,0.735,15.753,17.698,6.156,64.002
271,6/29/2011,8290,24.496,0.734,16.194,17.775,6.194,65.393
272,6/30/2011,8950,25.992,0.725,16.822,17.515,6.28,67.334
31,11/1/2014,549,0.056,0.015,0.001,0.208,0,0.28
32,11/2/2014,568,0.06,0.015,0.001,0.208,0,0.284
33,11/3/2014,533,0.054,0.015,0.001,0.208,0,0.278
34,11/4/2014,506,0.044,0.015,0,0.208,0,0.267
35,11/5/2014,510,0.044,0.015,0.001,0.208,0,0.268
36,11/6/2014,504,0.044,0.015,0,0.208,0,0.267
37,11/7/2014,512,0.045,0.015,0.001,0.208,0,0.269
38,11/8/2014,512,0.045,0.015,0.001,0.208,0,0.269
39,11/9/2014,512,0.045,0.015,0.001,0.208,0,0.269
40,11/10/2014,510,0.044,0.015,0.001,0.208,0,0.268
41,11/11/2014,509,0.044,0.015,0.001,0.208,0,0.268
42,11/12/2014,511,0.045,0.015,0.001,0.208,0,0.269
43,11/13/2014,541,0.053,0.015,0.001,0.208,0,0.277
44,11/14/2014,547,0.054,0.015,0.001,0.208,0,0.278
45,11/15/2014,545,0.053,0.015,0.001,0.208,0,0.277
46,11/16/2014,539,0.052,0.015,0.001,0.208,0,0.276
47,11/17/2014,529,0.051,0.015,0.001,0.208,0,0.275
48,11/18/2014,531,0.052,0.015,0.001,0.208,0,0.276
49,11/19/2014,534,0.052,0.015,0.001,0.208,0,0.276
50,11/20/2014,549,0.054,0.015,0.001,0.208,0,0.278
51,11/21/2014,549,0.054,0.015,0.001,0.208,0,0.278
52,11/22/2014,575,0.058,0.015,0.001,0.208,0,0.282
53,11/23/2014,584,0.06,0.015,0.001,0.208,0,0.284
54,11/24/2014,565,0.056,0.015,0.001,0.208,0,0.28
55,11/25/2014,536,0.052,0.015,0.001,0.208,0,0.276
56,11/26/2014,531,0.052,0.015,0.001,0.208,0,0.276
57,11/27/2014,528,0.051,0.015,0.001,0.208,0,0.275
58,11/28/2014,532,0.052,0.015,0.001,0.208,0,0.276
59,11/29/2014,577,0.059,0.015,0.001,0.208,0,0.283
60,11/30/2014,631,0.079,0.015,0.002,0.202,0,0.298
61,12/1/2014,624,0.077,0.015,0.002,0.207,0,0.301
62,12/2/2014,641,0.082,0.015,0.002,0.195,0,0.294
63,12/3/2014,1460,2.187,0.319,1.641,0.773,0.076,4.996
64,12/4/2014,2560,7.764,0.858,5.074,6.61,2.106,22.412
65,12/5/2014,2770,9.038,0.927,5.814,8.085,2.562,26.426
66,12/6/2014,2050,4.952,0.665,3.373,3.437,0.982,13.409
67,12/7/2014,1040,0.754,0.077,0.507,0.188,0.001,1.527
68,12/8/2014,887,0.378,0.036,0.18,0.263,0,0.857
69,12/9/2014,852,0.327,0.031,0.127,0.236,0,0.721
70,12/10/2014,889,0.381,0.036,0.184,0.263,0,0.864
71,12/11/2014,2300,5.909,0.702,4.227,4.433,1.311,16.582
72,12/12/2014,5210,23.608,1.274,11.887,19.381,6.724,62.874
73,12/13/2014,3400,13.037,1.048,7.752,11.384,3.66,36.881
74,12/14/2014,2280,5.787,0.694,4.141,4.126,1.265,16.013
75,12/15/2014,1220,1.319,0.146,1.005,0.075,0.002,2.547
76,12/16/2014,1410,1.881,0.237,1.511,0.317,0.032,3.978
77,12/17/2014,1360,1.749,0.212,1.381,0.234,0.017,3.593
78,12/18/2014,1140,1.034,0.113,0.776,0.041,0.001,1.965
79,12/19/2014,1290,1.556,0.176,1.194,0.145,0.006,3.077
80,12/20/2014,1370,1.773,0.217,1.407,0.249,0.02,3.666
81,12/21/2014,1120,0.964,0.105,0.719,0.033,0,1.821
82,12/22/2014,1010,0.644,0.064,0.436,0.018,0,1.162
83,12/23/2014,938,0.442,0.046,0.272,0.252,0,1.012
84,12/24/2014,902,0.37,0.038,0.205,0.26,0,0.873
85,12/25/2014,862,0.298,0.032,0.141,0.243,0,0.714
86,12/26/2014,821,0.243,0.028,0.086,0.2,0,0.557
87,12/27/2014,784,0.183,0.023,0.048,0.151,0,0.405
88,12/28/2014,773,0.171,0.022,0.04,0.151,0,0.384
89,12/29/2014,764,0.162,0.022,0.033,0.151,0,0.368
90,12/30/2014,744,0.143,0.021,0.022,0.15,0.001,0.337
91,12/31/2014,674,0.095,0.015,0.004,0.171,0,0.285
92,1/1/2015,626,0.078,0.015,0.002,0.206,0,0.301
93,1/2/2015,611,0.071,0.015,0.001,0.208,0,0.295
94,1/3/2015,599,0.063,0.015,0.001,0.208,0,0.287
95,1/4/2015,595,0.062,0.015,0.001,0.208,0,0.286
96,1/5/2015,596,0.063,0.015,0.001,0.208,0,0.287
97,1/6/2015,589,0.061,0.015,0.001,0.208,0,0.285
98,1/7/2015,585,0.06,0.015,0.001,0.208,0,0.284
99,1/8/2015,580,0.059,0.015,0.001,0.208,0,0.283
100,1/9/2015,575,0.058,0.015,0.001,0.208,0,0.282
101,1/10/2015,574,0.058,0.015,0.001,0.208,0,0.282
102,1/11/2015,571,0.057,0.015,0.001,0.208,0,0.281
103,1/12/2015,570,0.057,0.015,0.001,0.208,0,0.281
104,1/13/2015,567,0.057,0.015,0.001,0.208,0,0.281
105,1/14/2015,563,0.056,0.015,0.001,0.208,0,0.28
106,1/15/2015,561,0.056,0.015,0.001,0.208,0,0.28
107,1/16/2015,561,0.056,0.015,0.001,0.208,0,0.28
108,1/17/2015,561,0.056,0.015,0.001,0.208,0,0.28
109,1/18/2015,560,0.056,0.015,0.001,0.208,0,0.28
110,1/19/2015,556,0.055,0.015,0.001,0.208,0,0.279
111,1/20/2015,554,0.055,0.015,0.001,0.208,0,0.279
112,1/21/2015,554,0.055,0.015,0.001,0.208,0,0.279
113,1/22/2015,555,0.055,0.015,0.001,0.208,0,0.279
114,1/23/2015,550,0.054,0.015,0.001,0.208,0,0.278
115,1/24/2015,549,0.054,0.015,0.001,0.208,0,0.278
116,1/25/2015,552,0.054,0.015,0.001,0.208,0,0.278
117,1/26/2015,586,0.06,0.015,0.001,0.208,0,0.284
118,1/27/2015,590,0.061,0.015,0.001,0.208,0,0.285
119,1/28/2015,589,0.061,0.015,0.001,0.208,0,0.285
120,1/29/2015,594,0.062,0.015,0.001,0.208,0,0.286
121,1/30/2015,597,0.063,0.015,0.001,0.208,0,0.287
122,1/31/2015,595,0.062,0.015,0.001,0.208,0,0.286
123,2/1/2015,590,0.061,0.015,0.001,0.208,0,0.285
124,2/2/2015,591,0.061,0.015,0.001,0.208,0,0.285
125,2/3/2015,591,0.061,0.015,0.001,0.208,0,0.285
126,2/4/2015,595,0.062,0.015,0.001,0.208,0,0.286
127,2/5/2015,592,0.062,0.015,0.001,0.208,0,0.286
128,2/6/2015,638,0.081,0.015,0.002,0.197,0,0.295
129,2/7/2015,1010,0.64,0.064,0.434,0.157,0,1.295
130,2/8/2015,1080,0.834,0.093,0.589,0.167,0,1.683
131,2/9/2015,1500,2.355,0.358,1.629,0.93,0.112,5.384
132,2/10/2015,2330,6.545,0.785,4.193,5.109,1.59,18.222
133,2/11/2015,2590,8.002,0.88,5.064,6.863,2.186,22.995
134,2/12/2015,1840,3.923,0.578,2.573,2.337,0.583,9.994
135,2/13/2015,919,0.407,0.041,0.235,0.26,0,0.943
136,2/14/2015,861,0.291,0.031,0.14,0.242,0,0.704
137,2/15/2015,834,0.254,0.029,0.102,0.214,0,0.599
138,2/16/2015,815,0.219,0.028,0.079,0.043,0,0.369
139,2/17/2015,802,0.204,0.025,0.065,0.039,0,0.333
140,2/18/2015,791,0.191,0.024,0.054,0.012,0,0.281
141,2/19/2015,786,0.186,0.023,0.05,0.012,0,0.271
142,2/20/2015,781,0.18,0.023,0.046,0.012,0,0.261
143,2/21/2015,782,0.181,0.023,0.047,0.012,0,0.263
144,2/22/2015,783,0.182,0.023,0.048,0.012,0,0.265
145,2/23/2015,781,0.18,0.023,0.046,0.012,0,0.261
146,2/24/2015,775,0.174,0.023,0.041,0.012,0,0.25
147,2/25/2015,775,0.174,0.023,0.041,0.012,0,0.25
148,2/26/2015,778,0.177,0.023,0.044,0.012,0,0.256
149,2/27/2015,776,0.175,0.023,0.042,0.012,0,0.252
150,2/28/2015,799,0.201,0.024,0.062,0.012,0,0.299
151,3/1/2015,796,0.197,0.024,0.059,0.012,0,0.292
152,3/2/2015,780,0.179,0.023,0.045,0.012,0,0.259
153,3/3/2015,778,0.177,0.023,0.044,0.012,0,0.256
154,3/4/2015,777,0.176,0.023,0.043,0.012,0,0.254
155,3/5/2015,778,0.177,0.023,0.044,0.012,0,0.256
156,3/6/2015,777,0.176,0.023,0.043,0.012,0,0.254
157,3/7/2015,774,0.172,0.022,0.04,0.012,0,0.246
158,3/8/2015,773,0.171,0.022,0.04,0.012,0,0.245
159,3/9/2015,771,0.169,0.022,0.038,0.012,0,0.241
160,3/10/2015,757,0.155,0.021,0.029,0.012,0.001,0.218
161,3/11/2015,689,0.102,0.015,0.005,0.159,0,0.281
162,3/12/2015,631,0.079,0.015,0.002,0.202,0,0.298
163,3/13/2015,621,0.076,0.015,0.001,0.209,0,0.301
164,3/14/2015,620,0.076,0.015,0.001,0.208,0,0.3
165,3/15/2015,616,0.073,0.015,0.001,0.208,0,0.297
166,3/16/2015,613,0.072,0.015,0.001,0.208,0,0.296
167,3/17/2015,610,0.07,0.015,0.001,0.208,0,0.294
168,3/18/2015,602,0.065,0.015,0.001,0.208,0,0.289
169,3/19/2015,590,0.061,0.015,0.001,0.208,0,0.285
170,3/20/2015,585,0.06,0.015,0.001,0.208,0,0.284
171,3/21/2015,582,0.06,0.015,0.001,0.208,0,0.284
172,3/22/2015,581,0.059,0.015,0.001,0.208,0,0.283
173,3/23/2015,576,0.058,0.015,0.001,0.208,0,0.282
174,3/24/2015,561,0.056,0.015,0.001,0.208,0,0.28
175,3/25/2015,550,0.054,0.015,0.001,0.208,0,0.278
176,3/26/2015,545,0.053,0.015,0.001,0.208,0,0.277
177,3/27/2015,543,0.053,0.015,0.001,0.208,0,0.277
178,3/28/2015,543,0.053,0.015,0.001,0.208,0,0.277
179,3/29/2015,540,0.053,0.015,0.001,0.208,0,0.277
180,3/30/2015,554,0.055,0.015,0.001,0.208,0,0.279
181,3/31/2015,546,0.053,0.015,0.001,0.208,0,0.277
182,4/1/2015,570,0.057,0.015,0.001,0.208,0,0.281
183,4/2/2015,603,0.066,0.015,0.001,0.208,0,0.29
184,4/3/2015,589,0.061,0.015,0.001,0.208,0,0.285
185,4/4/2015,574,0.058,0.015,0.001,0.208,0,0.282
186,4/5/2015,564,0.056,0.015,0.001,0.208,0,0.28
187,4/6/2015,537,0.052,0.015,0.001,0.208,0,0.276
188,4/7/2015,612,0.071,0.015,0.001,0.208,0,0.295
189,4/8/2015,639,0.082,0.015,0.002,0.197,0,0.296
190,4/9/2015,600,0.064,0.015,0.001,0.208,0,0.288
191,4/10/2015,574,0.058,0.015,0.001,0.208,0,0.282
192,4/11/2015,515,0.05,0.015,0.001,0.208,0,0.274
193,4/12/2015,513,0.05,0.015,0.001,0.208,0,0.274
194,4/13/2015,520,0.05,0.015,0.001,0.208,0,0.274
195,4/14/2015,514,0.05,0.015,0.001,0.208,0,0.274
196,4/15/2015,519,0.05,0.015,0.001,0.208,0,0.274
197,4/16/2015,529,0.051,0.015,0.001,0.208,0,0.275
198,4/17/2015,518,0.05,0.015,0.001,0.208,0,0.274
199,4/18/2015,539,0.052,0.015,0.001,0.208,0,0.276
200,4/19/2015,529,0.051,0.015,0.001,0.208,0,0.275
201,4/20/2015,524,0.051,0.015,0.001,0.208,0,0.275
202,4/21/2015,528,0.051,0.015,0.001,0.208,0,0.275
203,4/22/2015,541,0.053,0.015,0.001,0.208,0,0.277
204,4/23/2015,561,0.056,0.015,0.001,0.208,0,0.28
205,4/24/2015,530,0.051,0.015,0.001,0.208,0,0.275
206,4/25/2015,558,0.055,0.015,0.001,0.208,0,0.279
207,4/26/2015,571,0.057,0.015,0.001,0.208,0,0.281
208,4/27/2015,547,0.054,0.015,0.001,0.208,0,0.278
209,4/28/2015,552,0.054,0.015,0.001,0.208,0,0.278
210,4/29/2015,504,0.049,0.015,0,0.208,0,0.272
211,4/30/2015,526,0.051,0.015,0.001,0.208,0,0.275
212,5/1/2015,513,0.05,0.015,0.001,0.208,0,0.274
213,5/2/2015,519,0.05,0.015,0.001,0.208,0,0.274
214,5/3/2015,515,0.05,0.015,0.001,0.208,0,0.274
215,5/4/2015,506,0.049,0.015,0,0.208,0,0.272
216,5/5/2015,501,0.048,0.015,0,0.208,0,0.271
217,5/6/2015,527,0.051,0.015,0.001,0.208,0,0.275
218,5/7/2015,523,0.051,0.015,0.001,0.208,0,0.275
219,5/8/2015,530,0.051,0.015,0.001,0.208,0,0.275
220,5/9/2015,517,0.05,0.015,0.001,0.208,0,0.274
221,5/10/2015,496,0.048,0.015,0,0.208,0,0.271
222,5/11/2015,505,0.049,0.015,0,0.208,0,0.272
223,5/12/2015,514,0.05,0.015,0.001,0.208,0,0.274
224,5/13/2015,506,0.049,0.015,0,0.208,0,0.272
225,5/14/2015,525,0.051,0.015,0.001,0.208,0,0.275
226,5/15/2015,529,0.051,0.015,0.001,0.208,0,0.275
227,5/16/2015,492,0.043,0.015,0,0.208,0,0.266
228,5/17/2015,439,0.038,0.015,0,0.208,0,0.261
229,5/18/2015,406,0.036,0.015,0,0.208,0,0.259
230,5/19/2015,400,0.035,0.015,0,0.208,0,0.258
231,5/20/2015,388,0.035,0.015,0,0.208,0,0.258
232,5/21/2015,415,0.036,0.015,0,0.208,0,0.259
233,5/22/2015,427,0.037,0.015,0,0.208,0,0.26
234,5/23/2015,412,0.036,0.015,0,0.208,0,0.259
235,5/24/2015,415,0.036,0.015,0,0.208,0,0.259
236,5/25/2015,402,0.035,0.015,0,0.208,0,0.258
237,5/26/2015,398,0.035,0.015,0,0.208,0,0.258
238,5/27/2015,386,0.033,0.015,0,0.208,0,0.256
239,5/28/2015,388,0.033,0.015,0,0.208,0,0.256
240,5/29/2015,387,0.033,0.015,0,0.208,0,0.256
241,5/30/2015,387,0.033,0.015,0,0.208,0,0.256
242,5/31/2015,379,0.033,0.015,0,0.208,0,0.256
243,6/1/2015,385,0.033,0.015,0,0.208,0,0.256
244,6/2/2015,347,0.034,0.015,0,0.208,0,0.257
245,6/3/2015,327,0.041,0.015,0,0.208,0,0.264
246,6/4/2015,320,0.043,0.015,0,0.208,0,0.266
247,6/5/2015,326,0.041,0.015,0,0.208,0,0.264
248,6/6/2015,313,0.045,0.015,0,0.208,0,0.268
249,6/7/2015,306,0.047,0.015,0,0.208,0,0.27
250,6/8/2015,309,0.046,0.015,0,0.208,0,0.269
251,6/9/2015,300,0.049,0.015,0,0.208,0,0.272
252,6/10/2015,300,0.049,0.015,0,0.208,0,0.272
253,6/11/2015,300,0.049,0.015,0,0.208,0,0.272
254,6/12/2015,300,0.049,0.015,0,0.208,0,0.272
255,6/13/2015,300,0.049,0.015,0,0.208,0,0.272
256,6/14/2015,300,0.049,0.015,0,0.208,0,0.272
257,6/15/2015,304,0.048,0.015,0,0.208,0,0.271
258,6/16/2015,368,0.033,0.015,0,0.208,0,0.256
259,6/17/2015,388,0.033,0.015,0,0.208,0,0.256
260,6/18/2015,379,0.033,0.015,0,0.208,0,0.256
261,6/19/2015,365,0.033,0.015,0,0.208,0,0.256
262,6/20/2015,384,0.033,0.015,0,0.208,0,0.256
263,6/21/2015,381,0.033,0.015,0,0.208,0,0.256
264,6/22/2015,399,0.036,0.015,0,0.208,0,0.259
265,6/23/2015,387,0.036,0.015,0,0.208,0,0.259
266,6/24/2015,392,0.036,0.015,0,0.208,0,0.259
267,6/25/2015,389,0.036,0.015,0,0.208,0,0.259
268,6/26/2015,406,0.037,0.015,0,0.208,0,0.26
269,6/27/2015,387,0.036,0.015,0,0.208,0,0.259
270,6/28/2015,380,0.035,0.015,0,0.208,0,0.258
271,6/29/2015,392,0.036,0.015,0,0.208,0,0.259
272,6/30/2015,372,0.034,0.015,0,0.208,0,0.257
31,11/1/2015,392,0.035,0.015,0,0.208,0,0.258
32,11/2/2015,424,0.037,0.015,0,0.208,0,0.26
33,11/3/2015,419,0.036,0.015,0,0.208,0,0.259
34,11/4/2015,409,0.036,0.015,0,0.208,0,0.259
35,11/5/2015,422,0.037,0.015,0,0.208,0,0.26
36,11/6/2015,423,0.037,0.015,0,0.208,0,0.26
37,11/7/2015,385,0.035,0.015,0,0.208,0,0.258
38,11/8/2015,382,0.035,0.015,0,0.208,0,0.258
39,11/9/2015,405,0.035,0.015,0,0.208,0,0.258
40,11/10/2015,450,0.038,0.015,0,0.208,0,0.261
41,11/11/2015,424,0.037,0.015,0,0.208,0,0.26
42,11/12/2015,410,0.036,0.015,0,0.208,0,0.259
43,11/13/2015,411,0.036,0.015,0,0.208,0,0.259
44,11/14/2015,400,0.035,0.015,0,0.208,0,0.258
45,11/15/2015,412,0.036,0.015,0,0.208,0,0.259
46,11/16/2015,415,0.036,0.015,0,0.208,0,0.259
47,11/17/2015,419,0.036,0.015,0,0.208,0,0.259
48,11/18/2015,412,0.036,0.015,0,0.208,0,0.259
49,11/19/2015,415,0.036,0.015,0,0.208,0,0.259
50,11/20/2015,424,0.037,0.015,0,0.208,0,0.26
51,11/21/2015,419,0.036,0.015,0,0.208,0,0.259
52,11/22/2015,416,0.036,0.015,0,0.208,0,0.259
53,11/23/2015,413,0.036,0.015,0,0.208,0,0.259
54,11/24/2015,416,0.036,0.015,0,0.208,0,0.259
55,11/25/2015,425,0.037,0.015,0,0.208,0,0.26
56,11/26/2015,428,0.037,0.015,0,0.208,0,0.26
57,11/27/2015,425,0.037,0.015,0,0.208,0,0.26
58,11/28/2015,423,0.037,0.015,0,0.208,0,0.26
59,11/29/2015,424,0.037,0.015,0,0.208,0,0.26
60,11/30/2015,420,0.036,0.015,0,0.208,0,0.259
61,12/1/2015,410,0.036,0.015,0,0.208,0,0.259
62,12/2/2015,389,0.035,0.015,0,0.208,0,0.258
63,12/3/2015,412,0.036,0.015,0,0.208,0,0.259
64,12/4/2015,432,0.037,0.015,0,0.208,0,0.26
65,12/5/2015,428,0.037,0.015,0,0.208,0,0.26
66,12/6/2015,449,0.038,0.015,0,0.208,0,0.261
67,12/7/2015,461,0.04,0.015,0,0.208,0,0.263
68,12/8/2015,454,0.039,0.015,0,0.208,0,0.262
69,12/9/2015,452,0.039,0.015,0,0.208,0,0.262
70,12/10/2015,492,0.043,0.015,0,0.208,0,0.266
71,12/11/2015,635,0.08,0.015,0.002,0.199,0,0.296
72,12/12/2015,568,0.057,0.015,0.001,0.208,0,0.281
73,12/13/2015,576,0.059,0.015,0.001,0.208,0,0.283
74,12/14/2015,693,0.105,0.015,0.006,0.156,0,0.282
75,12/15/2015,566,0.057,0.015,0.001,0.208,0,0.281
76,12/16/2015,535,0.052,0.015,0.001,0.208,0,0.276
77,12/17/2015,525,0.051,0.015,0.001,0.208,0,0.275
78,12/18/2015,532,0.052,0.015,0.001,0.208,0,0.276
79,12/19/2015,767,0.165,0.022,0.035,0.151,0,0.373
80,12/20/2015,743,0.142,0.021,0.021,0.151,0.001,0.336
81,12/21/2015,1050,0.768,0.09,0.52,0.165,0.001,1.544
82,12/22/2015,2470,7.421,0.855,4.625,6.014,1.898,20.813
83,12/23/2015,2420,7.166,0.839,4.473,5.705,1.79,19.973
84,12/24/2015,1140,1.093,0.137,0.73,0.184,0.001,2.145
85,12/25/2015,812,0.216,0.027,0.076,0.19,0,0.509
86,12/26/2015,746,0.145,0.021,0.023,0.15,0.001,0.34
87,12/27/2015,705,0.112,0.016,0.008,0.15,0.001,0.287
88,12/28/2015,677,0.097,0.015,0.004,0.168,0,0.284
89,12/29/2015,657,0.088,0.015,0.003,0.184,0,0.29
90,12/30/2015,622,0.077,0.015,0.002,0.209,0,0.303
91,12/31/2015,559,0.056,0.015,0.001,0.208,0,0.28
92,1/1/2016,539,0.053,0.015,0.001,0.208,0,0.277
93,1/2/2016,530,0.052,0.015,0.001,0.208,0,0.276
94,1/3/2016,526,0.051,0.015,0.001,0.208,0,0.275
95,1/4/2016,529,0.051,0.015,0.001,0.208,0,0.275
96,1/5/2016,628,0.078,0.015,0.002,0.204,0,0.299
97,1/6/2016,964,0.528,0.053,0.329,0.211,0,1.121
98,1/7/2016,1180,1.33,0.161,0.827,0.227,0.001,2.546
99,1/8/2016,870,0.305,0.033,0.153,0.236,0,0.727
100,1/9/2016,711,0.126,0.018,0.01,0.167,0.002,0.323
101,1/10/2016,660,0.101,0.016,0.003,0.198,0,0.318
102,1/11/2016,628,0.091,0.016,0.002,0.221,0,0.33
103,1/12/2016,605,0.078,0.016,0.001,0.225,0,0.32
104,1/13/2016,649,0.097,0.016,0.002,0.206,0,0.321
105,1/14/2016,779,0.188,0.023,0.044,0.168,0,0.423
106,1/15/2016,915,0.393,0.04,0.228,0.245,0,0.906
107,1/16/2016,863,0.305,0.032,0.143,0.23,0,0.71
108,1/17/2016,1020,0.662,0.068,0.459,0.18,0,1.369
109,1/18/2016,9280,33.685,1.06,14.841,25.838,9.463,84.887
110,1/19/2016,4620,21.035,1.249,10.674,17.065,5.81,55.833
111,1/20/2016,3820,16.316,1.146,8.764,13.446,4.499,44.171
112,1/21/2016,2010,4.497,0.606,3.226,2.77,0.795,11.894
113,1/22/2016,1410,1.901,0.249,1.511,0.399,0.033,4.093
114,1/23/2016,2250,5.818,0.712,4.042,4.214,1.296,16.082
115,1/24/2016,2410,6.689,0.771,4.546,5.223,1.644,18.873
116,1/25/2016,1610,2.577,0.383,2.047,0.969,0.172,6.148
117,1/26/2016,1210,1.296,0.142,0.978,0.092,0.001,2.509
118,1/27/2016,980,0.589,0.055,0.366,0.042,0,1.052
119,1/28/2016,862,0.343,0.032,0.141,0.232,0,0.748
120,1/29/2016,847,0.322,0.031,0.12,0.218,0,0.691
121,1/30/2016,12100,57.979,0.817,14.497,26.95,9.615,109.858
122,1/31/2016,5380,24.848,1.298,12.281,20.737,7.097,66.261
123,2/1/2016,2820,9.322,0.945,5.974,8.335,2.667,27.243
124,2/2/2016,1680,3.102,0.474,2.233,1.646,0.317,7.772
125,2/3/2016,1230,1.358,0.163,1.033,0.25,0.002,2.806
126,2/4/2016,1010,0.635,0.064,0.437,0.172,0,1.308
127,2/5/2016,908,0.375,0.039,0.215,0.245,0,0.874
128,2/6/2016,824,0.252,0.029,0.089,0.193,0,0.563
129,2/7/2016,797,0.22,0.025,0.06,0.169,0,0.474
130,2/8/2016,776,0.196,0.023,0.042,0.168,0,0.429
131,2/9/2016,764,0.183,0.022,0.033,0.168,0,0.406
132,2/10/2016,775,0.195,0.023,0.041,0.168,0,0.427
133,2/11/2016,920,0.401,0.041,0.236,0.245,0,0.923
134,2/12/2016,1050,0.74,0.08,0.52,0.021,0,1.361
135,2/13/2016,1080,0.826,0.09,0.588,0.024,0,1.528
136,2/14/2016,1080,0.826,0.09,0.588,0.024,0,1.528
137,2/15/2016,1090,0.855,0.094,0.611,0.026,0,1.586
138,2/16/2016,1090,0.855,0.094,0.611,0.026,0,1.586
139,2/17/2016,1100,0.884,0.097,0.635,0.027,0,1.643
140,2/18/2016,1190,1.167,0.133,0.852,0.061,0,2.213
141,2/19/2016,1180,1.134,0.129,0.827,0.056,0,2.146
142,2/20/2016,1250,1.369,0.159,1.002,0.103,0.002,2.635
143,2/21/2016,1190,1.167,0.133,0.852,0.061,0,2.213
144,2/22/2016,1170,1.101,0.125,0.803,0.052,0,2.081
145,2/23/2016,1160,1.069,0.12,0.778,0.042,0,2.009
146,2/24/2016,1160,1.069,0.12,0.778,0.042,0,2.009
147,2/25/2016,1150,1.037,0.116,0.754,0.04,0,1.947
148,2/26/2016,1130,0.975,0.108,0.706,0.035,0,1.824
149,2/27/2016,1110,0.914,0.101,0.658,0.031,0,1.704
150,2/28/2016,1080,0.826,0.09,0.588,0.027,0,1.531
151,2/29/2016,1050,0.741,0.08,0.52,0.023,0,1.364
152,3/1/2016,1020,0.66,0.068,0.455,0.02,0,1.203
153,3/2/2016,1000,0.608,0.06,0.413,0.018,0,1.099
154,3/3/2016,1230,1.301,0.15,0.952,0.082,0.001,2.486
155,3/4/2016,1820,3.209,0.415,2.528,1.395,0.367,7.914
156,3/5/2016,2910,7.513,0.68,6.187,5.866,1.889,22.135
157,3/6/2016,14700,52.303,0.694,12.635,26.183,7.92,99.735
158,3/7/2016,12700,52.891,0.743,14.718,25.025,8.217,101.594
159,3/8/2016,7010,23.166,0.835,15.481,17.655,6.259,63.396
160,3/9/2016,4970,16.833,0.856,11.397,12.362,4.23,45.678
161,3/10/2016,7680,22.893,0.733,15.46,17.08,6.095,62.261
162,3/11/2016,14800,46.504,0.591,12.538,21.85,6.653,88.136
163,3/12/2016,17600,56.555,0.693,12.624,29.659,7.001,106.532
164,3/13/2016,24000,51.093,0.653,15.976,30.868,7.442,106.032
165,3/14/2016,31000,35.989,0.509,15.358,21.905,7.03,80.791
166,3/15/2016,29300,36.977,0.514,15.525,20.757,7.227,81
167,3/16/2016,13900,47.485,0.579,13.523,21.238,6.739,89.564
168,3/17/2016,10400,35.301,0.657,15.727,17.137,6.421,75.243
169,3/18/2016,9700,26.162,0.691,15.904,16.902,6.295,65.954
170,3/19/2016,9590,26.172,0.697,15.96,17.002,6.29,66.121
171,3/20/2016,9460,26.171,0.704,16.013,17.116,6.282,66.286
172,3/21/2016,11200,40.991,0.621,15.615,17.798,6.469,81.494
173,3/22/2016,12500,45.732,0.587,14.856,19.176,6.674,87.025
174,3/23/2016,10300,33.553,0.66,15.719,16.98,6.309,73.221
175,3/24/2016,5680,19.605,0.871,13.901,14.715,5.007,54.099
176,3/25/2016,4600,15.58,0.855,10.61,11.378,3.859,42.282
177,3/26/2016,4450,15.069,0.849,10.281,10.886,3.707,40.792
178,3/27/2016,4390,14.85,0.846,10.153,10.719,3.646,40.214
179,3/28/2016,4360,14.736,0.845,10.087,10.634,3.615,39.917
180,3/29/2016,4470,15.14,0.849,10.324,10.94,3.727,40.98
181,3/30/2016,4420,14.961,0.847,10.214,10.803,3.672,40.497
182,3/31/2016,4390,14.85,0.846,10.15,10.719,3.641,40.206
183,4/1/2016,4280,14.422,0.841,9.896,10.402,3.526,39.087
184,4/2/2016,3280,9.393,0.745,7.333,7.391,2.392,27.254
185,4/3/2016,2810,7.039,0.662,5.855,5.493,1.754,20.803
186,4/4/2016,2850,7.192,0.67,5.982,5.639,1.808,21.291
187,4/5/2016,3210,9.045,0.735,7.127,7.091,2.302,26.3
188,4/6/2016,3190,8.943,0.732,7.064,7.011,2.275,26.025
189,4/7/2016,3170,8.838,0.729,7,6.929,2.249,25.745
190,4/8/2016,3360,9.781,0.757,7.598,7.664,2.492,28.292
191,4/9/2016,3640,11.19,0.79,8.585,8.595,2.827,31.987
192,4/10/2016,3720,11.887,0.798,8.866,8.816,2.918,33.285
193,4/11/2016,3650,11.523,0.791,8.627,8.624,2.839,32.404
194,4/12/2016,3990,13.132,0.816,9.653,9.446,3.216,36.263
195,4/13/2016,4040,13.435,0.822,9.836,9.609,3.271,36.973
196,4/14/2016,4130,13.96,0.832,10.179,9.922,3.368,38.261
197,4/15/2016,4120,13.909,0.831,10.143,9.889,3.357,38.129
198,4/16/2016,4060,13.563,0.825,9.915,9.68,3.293,37.276
199,4/17/2016,4090,13.744,0.828,10.031,9.786,3.325,37.714
200,4/18/2016,3940,12.94,0.814,9.532,9.344,3.162,35.792
201,4/19/2016,3580,10.847,0.784,8.342,8.417,2.758,31.148
202,4/20/2016,3450,10.214,0.768,7.893,7.978,2.603,29.456
203,4/21/2016,3370,9.832,0.758,7.63,7.7,2.505,28.425
204,4/22/2016,3400,9.975,0.762,7.727,7.806,2.542,28.812
205,4/23/2016,3420,10.07,0.764,7.793,7.875,2.566,29.068
206,4/24/2016,3290,9.435,0.747,7.373,7.428,2.405,27.388
207,4/25/2016,3140,8.667,0.723,6.897,6.791,2.208,25.286
208,4/26/2016,3030,7.934,0.701,6.514,6.267,2.056,23.472
209,4/27/2016,2780,6.906,0.656,5.747,5.322,1.713,20.344
210,4/28/2016,2420,5.434,0.577,4.488,3.646,1.182,15.327
211,4/29/2016,2170,4.464,0.519,3.681,2.626,0.831,12.121
212,4/30/2016,2590,6.118,0.618,5.083,4.427,1.446,17.692
213,5/1/2016,2730,6.725,0.655,5.58,5.057,1.645,19.662
214,5/2/2016,2650,6.378,0.634,5.279,4.703,1.533,18.527
215,5/3/2016,2410,5.395,0.574,4.442,3.604,1.167,15.182
216,5/4/2016,2200,4.582,0.526,3.77,2.732,0.865,12.475
217,5/5/2016,2070,4.067,0.492,3.331,2.218,0.683,10.791
218,5/6/2016,2100,4.186,0.5,3.433,2.337,0.725,11.181
219,5/7/2016,2150,4.384,0.513,3.603,2.534,0.795,11.829
220,5/8/2016,2170,4.463,0.518,3.67,2.613,0.823,12.087
221,5/9/2016,2100,4.186,0.5,3.432,2.337,0.725,11.18
222,5/10/2016,2100,4.186,0.5,3.432,2.337,0.725,11.18
223,5/11/2016,2110,4.226,0.503,3.466,2.376,0.739,11.31
224,5/12/2016,2090,4.146,0.497,3.399,2.297,0.711,11.05
225,5/13/2016,2090,4.146,0.497,3.399,2.297,0.711,11.05
226,5/14/2016,2100,4.186,0.5,3.432,2.337,0.725,11.18
227,5/15/2016,2100,4.186,0.5,3.432,2.337,0.725,11.18
228,5/16/2016,2130,4.305,0.508,3.535,2.455,0.767,11.57
229,5/17/2016,2090,4.146,0.497,3.399,2.297,0.711,11.05
230,5/18/2016,2120,4.265,0.505,3.5,2.416,0.753,11.439
231,5/19/2016,2110,4.226,0.503,3.466,2.376,0.739,11.31
232,5/20/2016,2130,4.305,0.508,3.535,2.455,0.767,11.57
233,5/21/2016,2170,4.463,0.518,3.67,2.613,0.823,12.087
234,5/22/2016,2120,4.265,0.505,3.5,2.416,0.753,11.439
235,5/23/2016,2110,4.226,0.503,3.466,2.376,0.739,11.31
236,5/24/2016,2110,4.226,0.503,3.466,2.376,0.739,11.31
237,5/25/2016,2120,4.265,0.505,3.5,2.416,0.753,11.439
238,5/26/2016,2110,4.226,0.503,3.466,2.376,0.739,11.31
239,5/27/2016,2130,4.305,0.508,3.535,2.455,0.767,11.57
240,5/28/2016,2160,4.423,0.516,3.636,2.574,0.809,11.958
241,5/29/2016,2170,4.463,0.518,3.67,2.613,0.823,12.087
242,5/30/2016,2160,4.423,0.516,3.636,2.574,0.809,11.958
243,5/31/2016,2110,4.226,0.503,3.466,2.376,0.739,11.31
244,6/1/2016,1940,3.575,0.451,2.882,1.735,0.507,9.15
245,6/2/2016,1750,2.887,0.39,2.312,1.17,0.285,7.044
246,6/3/2016,1690,2.672,0.363,2.146,0.995,0.222,6.398
247,6/4/2016,1600,2.384,0.323,1.904,0.746,0.143,5.5
248,6/5/2016,1480,1.99,0.267,1.578,0.457,0.063,4.355
249,6/6/2016,1380,1.773,0.222,1.329,0.264,0.023,3.611
250,6/7/2016,1270,1.461,0.168,1.051,0.12,0.004,2.804
251,6/8/2016,1140,1.031,0.113,0.73,0.041,0.001,1.916
252,6/9/2016,1090,0.88,0.095,0.611,0.03,0,1.616
253,6/10/2016,1090,0.88,0.095,0.611,0.03,0,1.616
254,6/11/2016,1450,1.978,0.253,1.534,0.393,0.048,4.206
255,6/12/2016,1590,2.425,0.319,2.023,0.72,0.135,5.622
256,6/13/2016,1580,2.39,0.314,1.985,0.695,0.128,5.512
257,6/14/2016,1590,2.425,0.319,2.023,0.72,0.135,5.622
258,6/15/2016,1580,2.39,0.314,1.985,0.695,0.128,5.512
259,6/16/2016,1590,2.425,0.319,2.023,0.72,0.135,5.622
260,6/17/2016,1580,2.39,0.314,1.985,0.695,0.128,5.512
261,6/18/2016,1590,2.425,0.319,2.023,0.72,0.135,5.622
262,6/19/2016,1570,2.355,0.31,1.947,0.669,0.12,5.401
263,6/20/2016,1630,2.566,0.337,2.177,0.827,0.168,6.075
264,6/21/2016,1590,2.425,0.319,2.023,0.72,0.135,5.622
265,6/22/2016,1610,2.495,0.328,2.099,0.773,0.151,5.846
266,6/23/2016,1580,2.39,0.314,1.985,0.695,0.128,5.512
267,6/24/2016,1560,2.32,0.305,1.91,0.644,0.113,5.292
268,6/25/2016,1550,2.286,0.301,1.872,0.62,0.106,5.185
269,6/26/2016,1540,2.252,0.296,1.835,0.596,0.099,5.078
270,6/27/2016,1570,2.355,0.31,1.947,0.669,0.12,5.401
271,6/28/2016,1530,2.217,0.291,1.797,0.572,0.093,4.97
272,6/29/2016,1570,2.355,0.31,1.947,0.669,0.12,5.401
273,6/30/2016,1550,2.286,0.301,1.872,0.62,0.106,5.185
31,11/1/2016,812,0.22,0.027,0.076,0.19,0,0.513
32,11/2/2016,800,0.205,0.024,0.063,0.151,0,0.443
33,11/3/2016,767,0.166,0.022,0.035,0.151,0,0.374
34,11/4/2016,747,0.146,0.021,0.023,0.151,0.001,0.342
35,11/5/2016,710,0.115,0.017,0.01,0.15,0.001,0.293
36,11/6/2016,617,0.074,0.015,0.001,0.208,0,0.298
37,11/7/2016,575,0.058,0.015,0.001,0.208,0,0.282
38,11/8/2016,547,0.054,0.015,0.001,0.208,0,0.278
39,11/9/2016,529,0.051,0.015,0.001,0.208,0,0.275
40,11/10/2016,520,0.05,0.015,0.001,0.208,0,0.274
41,11/11/2016,521,0.05,0.015,0.001,0.208,0,0.274
42,11/12/2016,536,0.052,0.015,0.001,0.208,0,0.276
43,11/13/2016,526,0.051,0.015,0.001,0.208,0,0.275
44,11/14/2016,531,0.052,0.015,0.001,0.208,0,0.276
45,11/15/2016,550,0.054,0.015,0.001,0.208,0,0.278
46,11/16/2016,522,0.051,0.015,0.001,0.208,0,0.275
47,11/17/2016,526,0.051,0.015,0.001,0.208,0,0.275
48,11/18/2016,570,0.057,0.015,0.001,0.208,0,0.281
49,11/19/2016,608,0.069,0.015,0.001,0.208,0,0.293
50,11/20/2016,834,0.254,0.029,0.102,0.203,0,0.588
51,11/21/2016,1490,2.456,0.376,1.603,0.95,0.104,5.489
52,11/22/2016,1480,2.424,0.369,1.578,0.916,0.095,5.382
53,11/23/2016,1520,2.577,0.398,1.684,1.054,0.13,5.843
54,11/24/2016,848,0.286,0.031,0.121,0.216,0,0.654
55,11/25/2016,695,0.129,0.015,0.006,0.171,0,0.321
56,11/26/2016,686,0.125,0.015,0.005,0.178,0,0.323
57,11/27/2016,970,0.526,0.052,0.343,0.204,0,1.125
58,11/28/2016,1150,1.038,0.118,0.754,0.196,0,2.106
59,11/29/2016,1120,0.945,0.106,0.682,0.189,0,1.922
60,11/30/2016,1100,0.885,0.098,0.635,0.181,0,1.799
61,12/1/2016,1070,0.796,0.087,0.565,0.177,0,1.625
62,12/2/2016,921,0.402,0.041,0.238,0.245,0,0.926
63,12/3/2016,896,0.355,0.037,0.195,0.245,0,0.832
64,12/4/2016,891,0.347,0.036,0.187,0.245,0,0.815
65,12/5/2016,897,0.357,0.037,0.197,0.245,0,0.836
66,12/6/2016,905,0.372,0.038,0.21,0.245,0,0.865
67,12/7/2016,914,0.39,0.04,0.226,0.245,0,0.901
68,12/8/2016,943,0.449,0.047,0.282,0.232,0,1.01
69,12/9/2016,1030,0.686,0.072,0.476,0.173,0,1.407
70,12/10/2016,9670,28.823,0.753,18.135,18.026,6.596,72.333
71,12/11/2016,18700,60.451,0.761,12.485,33.876,7.527,115.1
72,12/12/2016,8740,27.668,0.752,18.603,18.054,6.304,71.381
73,12/13/2016,7270,23.764,0.755,18.446,16.464,6,65.429
74,12/14/2016,8150,26.159,0.748,18.523,17.985,6.194,69.609
75,12/15/2016,10000,28.91,0.742,17.768,17.959,6.713,72.092
76,12/16/2016,24400,49.938,0.637,16.205,30.621,7.599,105
77,12/17/2016,13100,50.726,0.668,14.892,23.709,7.571,97.566
78,12/18/2016,8800,27.443,0.751,18.59,17.97,6.305,71.059
79,12/19/2016,7160,23.539,0.763,18.525,16.41,5.967,65.204
80,12/20/2016,6400,23.263,0.835,18.632,15.979,5.605,64.314
81,12/21/2016,6000,22.398,0.863,17.991,15.428,5.296,61.976
82,12/22/2016,5720,21.199,0.871,17.12,14.813,5.044,59.047
83,12/23/2016,5630,20.851,0.871,16.791,14.588,4.959,58.06
84,12/24/2016,5760,21.347,0.87,17.26,14.908,5.082,59.467
85,12/25/2016,5590,20.687,0.871,16.639,14.481,4.891,57.569
86,12/26/2016,5390,19.826,0.869,15.786,13.544,4.701,54.726
87,12/27/2016,5230,19.033,0.865,15.121,13.076,4.529,52.624
88,12/28/2016,5040,17.925,0.854,14.254,12.368,4.305,49.706
89,12/29/2016,3560,11.017,0.782,8.381,8.427,2.735,31.342
90,12/30/2016,2890,7.347,0.677,6.12,5.813,1.862,21.819
91,12/31/2016,2820,7.086,0.664,5.901,5.56,1.768,20.979
92,1/1/2017,2790,6.969,0.659,5.803,5.446,1.727,20.604
93,1/2/2017,2760,6.849,0.653,5.703,5.327,1.686,20.218
94,1/3/2017,3590,11.18,0.785,8.181,8.522,2.77,31.438
95,1/4/2017,10500,36.557,0.654,15.892,17.514,6.434,77.051
96,1/5/2017,16600,52.632,0.629,12.835,25.558,6.636,98.29
97,1/6/2017,13600,46.563,0.537,14.328,19.754,6.352,87.534
98,1/7/2017,10700,38.339,0.641,15.92,17.836,6.445,79.181
99,1/8/2017,32500,36.955,0.515,16.098,23.658,6.758,83.984
100,1/9/2017,75300,15.179,0.57,17.805,15.924,2.705,52.183
101,1/10/2017,67500,19.648,0.558,17.805,17.744,2.803,58.558
102,1/11/2017,62800,22.26,0.553,17.805,17.37,2.962,60.95
103,1/12/2017,39400,33.976,0.578,17.197,24.79,5.435,81.976
104,1/13/2017,24800,48.255,0.621,16.371,27.972,7.298,100.517
105,1/14/2017,19200,55.56,0.691,12.392,30.245,6.662,105.55
106,1/15/2017,17200,54.141,0.644,12.761,26.934,6.641,101.121
107,1/16/2017,13000,45.74,0.535,14.948,19.271,6.356,86.85
108,1/17/2017,7710,22.814,0.733,14.963,17.168,6.104,61.782
109,1/18/2017,7110,21.685,0.769,14.322,16.426,5.958,59.16
110,1/19/2017,10800,41.596,0.724,15.93,19.923,7.138,85.311
111,1/20/2017,14300,51.121,0.656,13.524,23.541,7.396,96.238
112,1/21/2017,13400,51.02,0.655,14.546,23.124,7.503,96.848
113,1/22/2017,12400,49.069,0.672,15.417,21.494,7.466,94.118
114,1/23/2017,12700,49.768,0.665,15.196,21.708,7.497,94.834
115,1/24/2017,10200,33.289,0.734,15.808,18.232,6.786,74.849
116,1/25/2017,7950,23.623,0.735,15.339,17.582,6.141,63.42
117,1/26/2017,6740,21.402,0.804,14.133,16.257,5.806,58.402
118,1/27/2017,6350,21.085,0.84,13.915,15.928,5.57,57.338
119,1/28/2017,6140,20.746,0.856,13.697,15.662,5.413,56.374
120,1/29/2017,6020,20.496,0.863,13.542,15.465,5.314,55.68
121,1/30/2017,5940,20.306,0.867,13.422,15.317,5.244,55.156
122,1/31/2017,5880,20.153,0.868,13.325,15.196,5.191,54.733
123,2/1/2017,5860,20.1,0.869,13.291,15.154,5.173,54.587
124,2/2/2017,5880,20.153,0.868,13.325,15.196,5.191,54.733
125,2/3/2017,9540,25.43,0.7,14.792,17.043,6.282,64.247
126,2/4/2017,18000,49.656,0.506,17.489,23.412,5.466,96.529
127,2/5/2017,17500,49.465,0.502,17.484,22.892,5.544,95.887
128,2/6/2017,20100,49.281,0.538,16.108,25.431,5.43,96.788
129,2/7/2017,44800,30.735,0.609,17.809,24.49,4.52,78.163
130,2/8/2017,59600,23.785,0.559,17.809,21.015,3.106,66.274
131,2/9/2017,74400,15.715,0.568,17.809,17.137,2.725,53.954
132,2/10/2017,78300,13.559,0.573,17.809,16.178,2.66,50.779
133,2/11/2017,60200,23.468,0.555,17.809,18.303,3.076,63.211
134,2/12/2017,37100,35.311,0.543,17.546,24.37,5.87,83.64
135,2/13/2017,16400,47.894,0.495,16.725,21.422,5.732,92.268
136,2/14/2017,24600,41.198,0.48,17.489,22.251,5.789,87.207
137,2/15/2017,21700,45.773,0.499,16.007,24.719,5.246,92.244
138,2/16/2017,20700,46.228,0.503,15.611,24.28,5.101,91.723
139,2/17/2017,20800,46.076,0.502,15.525,24.287,5.098,91.488
140,2/18/2017,21800,45.661,0.499,16.094,24.685,5.259,92.198
141,2/19/2017,19200,48.669,0.51,16.801,24.076,5.272,95.328
142,2/20/2017,25000,40.555,0.477,17.44,21.991,5.857,86.32
143,2/21/2017,35500,34.779,0.522,17.174,22.774,5.97,81.219
144,2/22/2017,25700,39.176,0.475,17.266,20.995,5.973,83.885
145,2/23/2017,21300,45.711,0.499,15.523,24.564,5.151,91.448
146,2/24/2017,18500,49.077,0.508,17.248,23.571,5.376,95.78
147,2/25/2017,16700,48.201,0.495,16.949,21.718,5.667,93.03
148,2/26/2017,15200,43.263,0.471,15.273,19.08,5.743,83.83
149,2/27/2017,13000,43.858,0.504,15.305,18.831,6.225,84.723
150,2/28/2017,10600,35.738,0.645,14.705,17.225,6.295,74.608
151,3/1/2017,8820,24.918,0.723,14.819,17.54,6.237,64.237
152,3/2/2017,6970,21.463,0.782,14.155,16.361,5.908,58.669
153,3/3/2017,5660,19.27,0.871,12.919,14.663,4.988,52.711
154,3/4/2017,5560,18.953,0.871,12.716,14.4,4.863,51.803
155,3/5/2017,5620,19.144,0.871,12.839,14.56,4.918,52.332
156,3/6/2017,5450,18.579,0.87,12.411,13.708,4.759,50.327
157,3/7/2017,5320,18.093,0.867,12.125,13.346,4.629,49.06
158,3/8/2017,5290,17.971,0.867,12.057,13.258,4.597,48.75
159,3/9/2017,5200,17.58,0.863,11.838,12.975,4.495,47.751
160,3/10/2017,5160,17.398,0.861,11.736,12.841,4.448,47.284
161,3/11/2017,5170,17.444,0.862,11.762,12.875,4.46,47.403
162,3/12/2017,5200,17.58,0.863,11.838,12.975,4.495,47.751
163,3/13/2017,5140,17.302,0.86,11.682,12.773,4.425,47.042
164,3/14/2017,5090,17.058,0.857,11.55,12.585,4.366,46.416
165,3/15/2017,5100,17.108,0.858,11.577,12.626,4.378,46.547
166,3/16/2017,5060,16.906,0.856,11.47,12.457,4.33,46.019
167,3/17/2017,5060,16.906,0.856,11.47,12.457,4.33,46.019
168,3/18/2017,5070,16.957,0.856,11.497,12.501,4.342,46.153
169,3/19/2017,5060,16.906,0.856,11.47,12.457,4.33,46.019
170,3/20/2017,5110,17.157,0.859,11.603,12.665,4.39,46.674
171,3/21/2017,9460,25.467,0.704,14.813,17.154,6.282,64.42
172,3/22/2017,20100,57.292,0.745,12.164,33.502,7.103,110.806
173,3/23/2017,16600,54.78,0.679,12.608,27.885,7.204,103.156
174,3/24/2017,11800,43.659,0.622,14.636,18.861,6.816,84.594
175,3/25/2017,12000,44.442,0.616,14.546,19.085,6.861,85.55
176,3/26/2017,10800,37.65,0.653,14.729,17.562,6.372,76.966
177,3/27/2017,10800,37.65,0.653,14.729,17.562,6.372,76.966
178,3/28/2017,10200,30.681,0.669,14.633,16.927,6.352,69.262
179,3/29/2017,9700,25.399,0.691,14.735,16.905,6.297,64.027
180,3/30/2017,9010,25.112,0.718,14.846,17.411,6.244,64.331
181,3/31/2017,8170,23.793,0.735,14.537,17.738,6.169,62.972
182,4/1/2017,7300,21.415,0.749,14.114,16.427,5.997,58.702
183,4/2/2017,5350,18.436,0.869,12.263,13.817,4.675,50.06
184,4/3/2017,4860,16.486,0.857,11.143,12.219,4.126,44.831
185,4/4/2017,4910,16.596,0.857,11.225,12.29,4.172,45.14
186,4/5/2017,4900,16.575,0.857,11.209,12.277,4.163,45.081
187,4/6/2017,4960,16.696,0.856,11.301,12.349,4.219,45.421
188,4/7/2017,9820,29.114,0.838,14.683,20.643,7.445,72.723
189,4/8/2017,19900,59.854,0.761,12.213,35.963,7.663,116.454
190,4/9/2017,16500,58.333,0.737,12.604,30.867,8.093,110.634
191,4/10/2017,14400,52.548,0.7,12.829,26.059,7.971,100.107
192,4/11/2017,13800,53.083,0.711,13.379,25.936,8.093,101.202
193,4/12/2017,13100,52.627,0.73,13.964,25.744,8.179,101.244
194,4/13/2017,15000,51.129,0.691,12.21,26.132,7.805,97.967
195,4/14/2017,12400,51.147,0.754,14.34,24.756,8.171,99.168
196,4/15/2017,5860,20.245,0.87,13.293,15.203,5.189,54.8
197,4/16/2017,5040,17.104,0.854,11.471,12.599,4.309,46.337
198,4/17/2017,5680,19.71,0.872,12.964,14.754,5.009,53.309
199,4/18/2017,10600,38.752,0.723,14.725,19.395,7.042,80.637
200,4/19/2017,12900,49.29,0.654,14.095,22.928,7.497,94.464
201,4/20/2017,14400,49.757,0.65,12.826,23.6,7.368,94.201
202,4/21/2017,11600,44.65,0.688,14.686,20.317,7.279,87.62
203,4/22/2017,8750,24.984,0.734,14.802,17.685,6.263,64.468
204,4/23/2017,7820,22.773,0.734,14.309,17.426,6.123,61.365
205,4/24/2017,7810,22.738,0.734,14.302,17.405,6.121,61.3
206,4/25/2017,7860,22.91,0.734,14.337,17.503,6.131,61.615
207,4/26/2017,7290,21.457,0.75,14.122,16.446,5.995,58.77
208,4/27/2017,7910,23.074,0.734,14.372,17.584,6.14,61.904
209,4/28/2017,8580,24.636,0.733,14.744,17.725,6.241,64.079
210,4/29/2017,7740,22.477,0.733,14.25,17.237,6.105,60.802
211,4/30/2017,7220,21.482,0.758,14.138,16.44,5.981,58.799
212,5/1/2017,7420,21.385,0.737,14.083,16.437,6.012,58.654
213,5/2/2017,8050,23.463,0.735,14.464,17.721,6.161,62.544
214,5/3/2017,9360,25.429,0.712,14.832,17.213,6.312,64.498
215,5/4/2017,10700,38.07,0.689,14.734,18.131,6.727,78.351
216,5/5/2017,11400,42.687,0.669,14.747,19.298,7.021,84.422
217,5/6/2017,12800,47.841,0.63,14.15,22.134,7.282,92.037
218,5/7/2017,11100,40.576,0.677,14.749,18.626,6.679,81.307
219,5/8/2017,8890,25.103,0.721,14.838,17.531,6.247,64.44
220,5/9/2017,8060,23.561,0.735,14.472,17.74,6.162,62.67
221,5/10/2017,8740,24.912,0.724,14.804,17.623,6.236,64.299
222,5/11/2017,8770,24.954,0.724,14.812,17.606,6.239,64.335
223,5/12/2017,9640,25.577,0.706,14.758,17.033,6.374,64.448
224,5/13/2017,9120,25.191,0.716,14.852,17.332,6.268,64.359
225,5/14/2017,8080,23.534,0.735,14.483,17.677,6.161,62.59
226,5/15/2017,7120,21.463,0.767,14.147,16.396,5.956,58.729
227,5/16/2017,5970,20.387,0.866,13.47,15.397,5.271,55.391
228,5/17/2017,5580,19.263,0.872,12.762,14.488,4.91,52.295
229,5/18/2017,5770,19.856,0.871,13.133,14.97,5.091,53.921
230,5/19/2017,5890,20.186,0.868,13.342,15.238,5.2,54.834
231,5/20/2017,6090,20.656,0.859,13.637,15.611,5.373,56.136
232,5/21/2017,6770,21.461,0.803,14.133,16.314,5.834,58.545
233,5/22/2017,7260,21.717,0.767,14.128,16.744,6.047,59.403
234,5/23/2017,6950,21.559,0.789,14.156,16.449,5.924,58.877
235,5/24/2017,7320,21.743,0.763,14.113,16.809,6.067,59.495
236,5/25/2017,7660,22.747,0.761,14.188,17.615,6.211,61.522
237,5/26/2017,7240,21.674,0.767,14.128,16.718,6.04,59.327
238,5/27/2017,5930,20.278,0.866,13.406,15.297,5.236,55.083
239,5/28/2017,6140,20.741,0.855,13.697,15.661,5.413,56.367
240,5/29/2017,6250,20.933,0.847,13.821,15.812,5.498,56.911
241,5/30/2017,6220,20.884,0.85,13.788,15.774,5.475,56.771
242,5/31/2017,5590,19.049,0.871,12.778,14.481,4.891,52.07
243,6/1/2017,5320,18.096,0.867,12.191,13.693,4.629,49.476
244,6/2/2017,4600,15.595,0.855,10.646,11.604,3.859,42.559
245,6/3/2017,5290,17.98,0.869,12.121,13.599,4.597,49.166
246,6/4/2017,5480,18.722,0.879,12.548,14.227,4.791,51.167
247,6/5/2017,5610,19.213,0.889,12.818,14.657,4.917,52.494
248,6/6/2017,5540,18.949,0.884,12.675,14.023,4.849,51.38
249,6/7/2017,5370,18.297,0.873,12.237,13.504,4.681,49.592
250,6/8/2017,5240,17.763,0.866,11.938,13.109,4.541,48.217
251,6/9/2017,5050,16.855,0.855,11.443,12.413,4.318,45.884
252,6/10/2017,4420,14.961,0.847,10.214,10.803,3.672,40.497
253,6/11/2017,4010,13.068,0.818,9.099,9.5,3.238,35.723
254,6/12/2017,3900,12.628,0.811,8.869,9.256,3.118,34.682
255,6/13/2017,3650,11.153,0.791,8.305,8.624,2.839,31.712
256,6/14/2017,3530,10.585,0.778,7.992,8.261,2.699,30.315
257,6/15/2017,3480,10.355,0.772,7.87,8.098,2.639,29.734
258,6/16/2017,3350,9.74,0.755,7.529,7.641,2.48,28.145
259,6/17/2017,3360,9.788,0.757,7.557,7.678,2.492,28.272
260,6/18/2017,3350,9.74,0.755,7.529,7.641,2.48,28.145
261,6/19/2017,3340,9.691,0.754,7.502,7.604,2.468,28.019
262,6/20/2017,3470,10.308,0.771,7.845,8.064,2.627,29.615
263,6/21/2017,3570,10.77,0.783,8.087,8.387,2.746,30.773
264,6/22/2017,3630,11.033,0.789,8.259,8.566,2.816,31.463
265,6/23/2017,3620,10.99,0.788,8.236,8.537,2.804,31.355
266,6/24/2017,3530,10.585,0.778,7.992,8.261,2.699,30.315
267,6/25/2017,3450,10.214,0.768,7.795,7.996,2.603,29.376
268,6/26/2017,3340,9.691,0.754,7.502,7.604,2.468,28.019
269,6/27/2017,3260,9.299,0.743,7.275,7.323,2.367,27.007
270,6/28/2017,3240,9.2,0.74,7.216,7.243,2.341,26.74
271,6/29/2017,3190,8.946,0.732,7.063,7.04,2.275,26.056
272,6/30/2017,3150,8.732,0.725,6.935,6.873,2.222,25.487
