<?xml version="1.0" encoding="UTF-8"?>
<metadata xml:lang="en"><Esri><CreaDate>20231204</CreaDate><CreaTime>16024900</CreaTime><ArcGISFormat>1.0</ArcGISFormat><SyncOnce>TRUE</SyncOnce><DataProperties><lineage><Process ToolSource="c:\program files\arcgis\pro\Resources\ArcToolbox\toolboxes\Data Management Tools.tbx\CalculateField" Date="20231204" Time="160249">CalculateField HabitatExtentsForCorreigh watershed !watershed!.replace("Butter","Butte") "Python 3" # Text NO_ENFORCE_DOMAINS</Process></lineage></DataProperties></Esri></metadata>
