<?xml version="1.0" encoding="UTF-8"?>
<metadata xml:lang="en"><Esri><CreaDate>20240205</CreaDate><CreaTime>16471800</CreaTime><ArcGISFormat>1.0</ArcGISFormat><SyncOnce>FALSE</SyncOnce><DataProperties><lineage><Process ToolSource="c:\program files\arcgis\pro\Resources\ArcToolbox\toolboxes\Data Management Tools.tbx\Rename" Date="20240205" Time="164718">Rename X:\GIS\Projects\095-01_SWC_Central_Valley_Salmon_Habitat_GIS\Geodata\Raster\Models\Stanislaus\Stanislaus_SRH2D\model_mesh\stanmesh072313.shp X:\GIS\Projects\095-01_SWC_Central_Valley_Salmon_Habitat_GIS\Geodata\Raster\Models\Stanislaus\Stanislaus_SRH2D\model_mesh\StanMeesh072313.shp ShapeFile</Process><Process ToolSource="c:\program files\arcgis\pro\Resources\ArcToolbox\toolboxes\Data Management Tools.tbx\Rename" Date="20240205" Time="164725">Rename X:\GIS\Projects\095-01_SWC_Central_Valley_Salmon_Habitat_GIS\Geodata\Raster\Models\Stanislaus\Stanislaus_SRH2D\model_mesh\StanMeesh072313.shp X:\GIS\Projects\095-01_SWC_Central_Valley_Salmon_Habitat_GIS\Geodata\Raster\Models\Stanislaus\Stanislaus_SRH2D\model_mesh\StanMesh072313.shp ShapeFile</Process><Process ToolSource="c:\program files\arcgis\pro\Resources\ArcToolbox\toolboxes\Data Management Tools.tbx\Dissolve" Date="20240205" Time="170743">Dissolve StanMesh072313 X:\GIS\Projects\095-01_SWC_Central_Valley_Salmon_Habitat_GIS\Geodata\Raster\Models\Stanislaus\Stanislaus_SRH2D\stanislaus_srh2d_aoi.shp # # SINGLE_PART DISSOLVE_LINES #</Process><Process ToolSource="c:\program files\arcgis\pro\Resources\ArcToolbox\toolboxes\Conversion Tools.tbx\ExportFeatures" Date="20240206" Time="103825">ExportFeatures stanislaus_srh2d_aoi X:\GIS\Projects\095-01_SWC_Central_Valley_Salmon_Habitat_GIS\Geodata\Raster\Models\Stanislaus\Stanislaus_SRH2D\stanislaus_srh2d_aoi_split.shp # NOT_USE_ALIAS "Id "Id" true true false 6 Long 0 6,First,#,stanislaus_srh2d_aoi,Id,-1,-1" #</Process><Process ToolSource="c:\program files\arcgis\pro\Resources\ArcToolbox\toolboxes\Conversion Tools.tbx\ExportFeatures" Date="20240206" Time="115529">ExportFeatures stanislaus_srh2d_aoi_split X:\GIS\Projects\095-01_SWC_Central_Valley_Salmon_Habitat_GIS\Geodata\Raster\Models\Stanislaus\Stanislaus_SRH2D\for_r\StanMesh072313_Domain_COMID.shp # NOT_USE_ALIAS "COMID "COMID" true true false 4 Long 0 0,First,#,stanislaus_srh2d_aoi_split,stanislaus_srh2d_aoi_split_AddSpatialJoin_2.COMID,-1,-1" #</Process><Process ToolSource="c:\program files\arcgis\pro\Resources\ArcToolbox\Toolboxes\Data Management Tools.tbx\Rename" Date="20240207" Time="133330">Rename X:\GIS\Projects\095-01_SWC_Central_Valley_Salmon_Habitat_GIS\Geodata\Raster\Models\Stanislaus\Stanislaus_SRH2D\StanMesh072313_Domain_COMID.shp X:\GIS\Projects\095-01_SWC_Central_Valley_Salmon_Habitat_GIS\Geodata\Raster\Models\Stanislaus\Stanislaus_SRH2D\StanMesh072313_Domain_split.shp ShapeFile</Process><Process ToolSource="c:\program files\arcgis\pro\Resources\ArcToolbox\Toolboxes\Data Management Tools.tbx\UpdateSchema" Date="20240207" Time="133410">UpdateSchema "CIMDATA=&lt;CIMStandardDataConnection xsi:type='typens:CIMStandardDataConnection' xmlns:xsi='http://www.w3.org/2001/XMLSchema-instance' xmlns:xs='http://www.w3.org/2001/XMLSchema' xmlns:typens='http://www.esri.com/schemas/ArcGIS/3.1.0'&gt;&lt;WorkspaceConnectionString&gt;DATABASE=X:\GIS\Projects\095-01_SWC_Central_Valley_Salmon_Habitat_GIS\Geodata\Raster\Models\Stanislaus\Stanislaus_SRH2D&lt;/WorkspaceConnectionString&gt;&lt;WorkspaceFactory&gt;Shapefile&lt;/WorkspaceFactory&gt;&lt;Dataset&gt;StanMesh072313_Domain_split&lt;/Dataset&gt;&lt;DatasetType&gt;esriDTFeatureClass&lt;/DatasetType&gt;&lt;/CIMStandardDataConnection&gt;" &lt;operationSequence&gt;&lt;workflow&gt;&lt;DeleteField&gt;&lt;field_name&gt;COMID&lt;/field_name&gt;&lt;/DeleteField&gt;&lt;/workflow&gt;&lt;/operationSequence&gt;</Process><Process ToolSource="c:\program files\arcgis\pro\Resources\ArcToolbox\toolboxes\Conversion Tools.tbx\ExportFeatures" Date="20240207" Time="133558">ExportFeatures StanMesh072313_Domain_COMID X:\GIS\Projects\095-01_SWC_Central_Valley_Salmon_Habitat_GIS\Geodata\Raster\Models\Stanislaus\Stanislaus_SRH2D\StanMesh072313_Domain_split_v2.shp # NOT_USE_ALIAS # #</Process><Process ToolSource="c:\program files\arcgis\pro\Resources\ArcToolbox\toolboxes\Data Management Tools.tbx\Rename" Date="20240207" Time="133654">Rename X:\GIS\Projects\095-01_SWC_Central_Valley_Salmon_Habitat_GIS\Geodata\Raster\Models\Stanislaus\Stanislaus_SRH2D\StanMesh072313_Domain_split_v2.shp X:\GIS\Projects\095-01_SWC_Central_Valley_Salmon_Habitat_GIS\Geodata\Raster\Models\Stanislaus\Stanislaus_SRH2D\StanMesh072313_Domain_split.shp ShapeFile</Process><Process ToolSource="c:\program files\arcgis\pro\Resources\ArcToolbox\toolboxes\Conversion Tools.tbx\ExportFeatures" Date="20240207" Time="133953">ExportFeatures StanMesh072313_Domain_split X:\GIS\Projects\095-01_SWC_Central_Valley_Salmon_Habitat_GIS\Geodata\Raster\Models\Stanislaus\Stanislaus_SRH2D\StanMesh072313_Domain_COMID.shp # NOT_USE_ALIAS "COMID "COMID" true true false 4 Long 0 0,First,#,StanMesh072313_Domain_split,StanMesh072313_Domain_split_AddSpatialJoin.COMID,-1,-1" #</Process></lineage><itemProps><itemName Sync="TRUE">StanMesh072313_Domain_COMID</itemName><imsContentType Sync="TRUE">002</imsContentType><itemSize Sync="TRUE">0.000</itemSize><itemLocation><linkage Sync="TRUE">file://\\FW-TS01\GIS\GIS\Projects\095-01_SWC_Central_Valley_Salmon_Habitat_GIS\Geodata\Raster\Models\Stanislaus\Stanislaus_SRH2D\StanMesh072313_Domain_COMID.shp</linkage><protocol Sync="TRUE">Local Area Network</protocol></itemLocation></itemProps><coordRef><type Sync="TRUE">Projected</type><geogcsn Sync="TRUE">GCS_North_American_1983</geogcsn><csUnits Sync="TRUE">Linear Unit: Meter (1.000000)</csUnits><projcsn Sync="TRUE">NAD_1983_UTM_Zone_10N</projcsn><peXml Sync="TRUE">&lt;ProjectedCoordinateSystem xsi:type='typens:ProjectedCoordinateSystem' xmlns:xsi='http://www.w3.org/2001/XMLSchema-instance' xmlns:xs='http://www.w3.org/2001/XMLSchema' xmlns:typens='http://www.esri.com/schemas/ArcGIS/3.1.0'&gt;&lt;WKT&gt;PROJCS[&amp;quot;NAD_1983_UTM_Zone_10N&amp;quot;,GEOGCS[&amp;quot;GCS_North_American_1983&amp;quot;,DATUM[&amp;quot;D_North_American_1983&amp;quot;,SPHEROID[&amp;quot;GRS_1980&amp;quot;,6378137.0,298.257222101]],PRIMEM[&amp;quot;Greenwich&amp;quot;,0.0],UNIT[&amp;quot;Degree&amp;quot;,0.0174532925199433]],PROJECTION[&amp;quot;Transverse_Mercator&amp;quot;],PARAMETER[&amp;quot;False_Easting&amp;quot;,500000.0],PARAMETER[&amp;quot;False_Northing&amp;quot;,0.0],PARAMETER[&amp;quot;Central_Meridian&amp;quot;,-123.0],PARAMETER[&amp;quot;Scale_Factor&amp;quot;,0.9996],PARAMETER[&amp;quot;Latitude_Of_Origin&amp;quot;,0.0],UNIT[&amp;quot;Meter&amp;quot;,1.0],AUTHORITY[&amp;quot;EPSG&amp;quot;,26910]]&lt;/WKT&gt;&lt;XOrigin&gt;-5120900&lt;/XOrigin&gt;&lt;YOrigin&gt;-9998100&lt;/YOrigin&gt;&lt;XYScale&gt;450445547.3910538&lt;/XYScale&gt;&lt;ZOrigin&gt;-100000&lt;/ZOrigin&gt;&lt;ZScale&gt;10000&lt;/ZScale&gt;&lt;MOrigin&gt;-100000&lt;/MOrigin&gt;&lt;MScale&gt;10000&lt;/MScale&gt;&lt;XYTolerance&gt;0.001&lt;/XYTolerance&gt;&lt;ZTolerance&gt;0.001&lt;/ZTolerance&gt;&lt;MTolerance&gt;0.001&lt;/MTolerance&gt;&lt;HighPrecision&gt;true&lt;/HighPrecision&gt;&lt;WKID&gt;26910&lt;/WKID&gt;&lt;LatestWKID&gt;26910&lt;/LatestWKID&gt;&lt;/ProjectedCoordinateSystem&gt;</peXml></coordRef></DataProperties><SyncDate>20240207</SyncDate><SyncTime>13395200</SyncTime><ModDate>20240207</ModDate><ModTime>13395200</ModTime></Esri><dataIdInfo><envirDesc Sync="TRUE">Microsoft Windows Server 2016 Technical Preview Version 10.0 (Build 20348) ; Esri ArcGIS 13.1.0.41833</envirDesc><dataLang><languageCode value="eng" Sync="TRUE"></languageCode><countryCode value="USA" Sync="TRUE"></countryCode></dataLang><idCitation><resTitle Sync="TRUE">StanMesh072313_Domain_COMID</resTitle><presForm><PresFormCd value="005" Sync="TRUE"></PresFormCd></presForm></idCitation><spatRpType><SpatRepTypCd value="001" Sync="TRUE"></SpatRepTypCd></spatRpType></dataIdInfo><mdLang><languageCode value="eng" Sync="TRUE"></languageCode><countryCode value="USA" Sync="TRUE"></countryCode></mdLang><mdChar><CharSetCd value="004" Sync="TRUE"></CharSetCd></mdChar><distInfo><distFormat><formatName Sync="TRUE">Shapefile</formatName></distFormat><distTranOps><transSize Sync="TRUE">0.000</transSize></distTranOps></distInfo><mdHrLv><ScopeCd value="005" Sync="TRUE"></ScopeCd></mdHrLv><mdHrLvName Sync="TRUE">dataset</mdHrLvName><refSysInfo><RefSystem><refSysID><identCode code="26910" Sync="TRUE"></identCode><idCodeSpace Sync="TRUE">EPSG</idCodeSpace><idVersion Sync="TRUE">6.13(3.0.1)</idVersion></refSysID></RefSystem></refSysInfo><spatRepInfo><VectSpatRep><geometObjs Name="StanMesh072313_Domain_COMID"><geoObjTyp><GeoObjTypCd value="002" Sync="TRUE"></GeoObjTypCd></geoObjTyp><geoObjCnt Sync="TRUE">0</geoObjCnt></geometObjs><topLvl><TopoLevCd value="001" Sync="TRUE"></TopoLevCd></topLvl></VectSpatRep></spatRepInfo><spdoinfo><ptvctinf><esriterm Name="StanMesh072313_Domain_COMID"><efeatyp Sync="TRUE">Simple</efeatyp><efeageom code="4" Sync="TRUE"></efeageom><esritopo Sync="TRUE">FALSE</esritopo><efeacnt Sync="TRUE">0</efeacnt><spindex Sync="TRUE">FALSE</spindex><linrefer Sync="TRUE">FALSE</linrefer></esriterm></ptvctinf></spdoinfo><eainfo><detailed Name="StanMesh072313_Domain_COMID"><enttyp><enttypl Sync="TRUE">StanMesh072313_Domain_COMID</enttypl><enttypt Sync="TRUE">Feature Class</enttypt><enttypc Sync="TRUE">0</enttypc></enttyp><attr><attrlabl Sync="TRUE">FID</attrlabl><attalias Sync="TRUE">FID</attalias><attrtype Sync="TRUE">OID</attrtype><attwidth Sync="TRUE">4</attwidth><atprecis Sync="TRUE">0</atprecis><attscale Sync="TRUE">0</attscale><attrdef Sync="TRUE">Internal feature number.</attrdef><attrdefs Sync="TRUE">Esri</attrdefs><attrdomv><udom Sync="TRUE">Sequential unique whole numbers that are automatically generated.</udom></attrdomv></attr><attr><attrlabl Sync="TRUE">Shape</attrlabl><attalias Sync="TRUE">Shape</attalias><attrtype Sync="TRUE">Geometry</attrtype><attwidth Sync="TRUE">0</attwidth><atprecis Sync="TRUE">0</atprecis><attscale Sync="TRUE">0</attscale><attrdef Sync="TRUE">Feature geometry.</attrdef><attrdefs Sync="TRUE">Esri</attrdefs><attrdomv><udom Sync="TRUE">Coordinates defining the features.</udom></attrdomv></attr><attr><attrlabl Sync="TRUE">COMID</attrlabl><attalias Sync="TRUE">COMID</attalias><attrtype Sync="TRUE">Integer</attrtype><attwidth Sync="TRUE">10</attwidth><atprecis Sync="TRUE">10</atprecis><attscale Sync="TRUE">0</attscale></attr></detailed></eainfo><mdDateSt Sync="TRUE">20240207</mdDateSt></metadata>
