<?xml version="1.0" encoding="UTF-8"?>
<metadata>
	<idinfo>
		<descript>
			<abstract>This data set is a digital general soil association map developed by the
National Cooperative Soil Survey. It consists of a broad based inventory
of soils and nonsoil areas that occur in a repeatable pattern on the
landscape and that can be cartographically shown at the scale mapped.
The soil maps for STATSGO are compiled by generalizing more detailed
soil survey maps. Where more detailed soil survey maps are not
available, data on geology, topography, vegetation, and climate are
assembled, together with Land Remote Sensing Satellite (LANDSAT) images.
Soils of like areas are studied, and the probable classification and
extent of the soils are determined.  Map unit composition for a STATSGO
map is determined by transecting or sampling areas on the more detailed
maps and expanding the data statistically to characterize the whole map
unit.  This data set consists of georeferenced digital map data and
computerized attribute data. The map data are collected in 1- by
2-degree topographic quadrangle units and merged and distributed as
statewide coverages. The soil map units are linked to attributes in the
Map Unit Interpretations Record relational data base which gives the
proportionate extent of the component soils and their properties.</abstract>
			<purpose>STATSGO depicts information about soil features on or near the surface of the Earth. These data are collected as part of the National Cooperative Soil Survey.</purpose>
			<supplinf/>
		</descript>
		<useconst>The U.S. Department of Agriculture, Natural Resources Conservation Service should be acknowledged as the data source in products derived from these data.

STATSGO was designed primarily for regional, multicounty, river basin, State, and multistate resource planning, management, and monitoring. STATSGO data are not detailed enough to make interpretations at a county level. This soil survey product is not designed for use as a primary regulatory tool in permitting or citing decisions, but may be used as a reference source. The use of these data is not restricted and may be interpreted by organizations, agencies, units of government, or others; however, they are responsible for its appropriate application. Federal, State, or local regulatory bodies are not to reassign to the Natural Resources Conservation Service any authority for the decisions that they make. The Natural Resources Conservation Service will not perform any evaluations of these maps for purposes related solely to state or local regulatory programs.

When STATSGO data are overlayed with other data layers, such as land use data, caution must be used in generating statistics on the co-occurence of the land use data with the soil data. The composition of the STATSGO map unit can be characterized independently for the land use and for the soil component, but there are no data on their joint occurrence at a more detailed level. Analysis of the overlayed data should be on a map polygon basis.

Additional political, watershed, or other boundaries may be intersected with the soil data. Although the composition of each political and watershed unit may be described in terms of the STATSGO map units, information is not available to assign the components to the boundary units with full accuracy. As with the land use categories, the analysis should be restricted to the classified components.

The approximate minimum area delineated is 625 hectares (1,544 acres), which is represented on a 1:250,000-scale map by an area approximately 1 cm by 1 cm (0.4 inch by 0.4 inch). Linear delineations are not less than 0.5 cm (0.2 inch) in width. The number of delineations per 1:250,000 quadrangle typically is 100 to 200, but may range up to 400. Delineations depict the dominant soils making up the landscape. Other dissimilar soils, too small to be delineated, are present within a delineation.

Digital enlargements of these maps to scales greater than at which they were originally mapped can cause misinterpretation of the data. If enlarged, maps do not show the small areas of contrasting soils that could have been shown at a larger scale. The depicted soil boundaries, interpretations, and analysis derived from them do not eliminate the need for onsite sampling, testing, and detailed study of specific sites for intensive uses. Thus, these data and their interpretations are intended for planning purposes only.

Attribute data for some data elements may be incomplete or missing. Where data are unavailable, a mask should be used to exclude the area from analysis.

Digital data files are periodically updated. Files are dated, and users are responsible for obtaining the latest version of the data.</useconst>
		<datacred/>
		<citation>
			<citeinfo>
				<title>State Soil Geographic (STATSGO2) data base for California</title>
				<pubdate/>
				<othercit>&lt;b&gt;Title:&lt;/b&gt;
 State Soil Geographic (STATSGO) data base for Puerto Rico&lt;br /&gt;
&lt;b&gt;Credits:&lt;/b&gt;
 U.S. Department of Agriculture, Natural Resources Conservation Service&lt;br /&gt;
&lt;b&gt;Publication Date:&lt;/b&gt;
 1994&lt;br /&gt;
&lt;b&gt;Publisher:&lt;/b&gt;
 U.S. Department of Agriculture, Natural Resources Conservation Service&lt;br /&gt;
&lt;b&gt;Online Linkages: &lt;/b&gt;
&lt;ul&gt;
  &lt;li&gt;
    &lt;a&gt;URL:&lt;/a&gt;&lt;/li&gt;&lt;/ul&gt;</othercit>
				<origin>U.S. Department of Agriculture</origin>
				<origin>Natural Resources Conservation Service</origin>
				<onlink>http://app.databasin.org/app/pages/datasetPage.jsp?id=1ff4328039f948529c33e7e71bb9b5fc</onlink>
				<pubinfo>
					<publish/>
					<pubplace/>
				</pubinfo>
			</citeinfo>
		</citation>
		<ptcontac>
			<cntinfo>
				<cntperp>
					<cntper/>
					<cntorg>U.S. Department of Agriculture, Natural Resources Conservation Service</cntorg>
				</cntperp>
				<cntemail/>
			</cntinfo>
		</ptcontac>
		<status>
			<progress/>
			<update/>
		</status>
		<timeperd>
			<timeinfo>
				<sngdate>1994</sngdate>
				<current/>
			</timeinfo>
		</timeperd>
		<keywords/>
		<spdom>
			<bounding>
				<northbc>42.0095169981235</northbc>
				<eastbc>-114.13121100000002</eastbc>
				<southbc>32.53436956955813</southbc>
				<westbc>-124.40982865377232</westbc>
			</bounding>
		</spdom>
	</idinfo>
	<dataqual>
		<attracc>
			<attraccr>Attribute accuracy is tested by manual comparison of the source with hard copy plots and/or symbolized display of the map data on an interactive computer graphic system. Selected attributes that cannot be visually verified on plots or on screen are interactively queried and verified on screen. In addition, the attributes are tested against a master set of valid attributes. All attribute data conform to the attribute codes in the signed classification and correlation document and amendments and are current as of the date of digitizing.</attraccr>
		</attracc>
		<complete/>
		<lineage/>
	</dataqual>
	<eainfo>
		<detailed>
			<attr>
				<attrlabl>FID</attrlabl>
				<attalias>FID</attalias>
				<attrdef>Internal feature number.</attrdef>
				<attrdomv/>
			</attr>
			<attr>
				<attrlabl>Shape</attrlabl>
				<attalias>Shape</attalias>
				<attrdef>Feature geometry.</attrdef>
				<attrdomv/>
			</attr>
			<attr>
				<attrlabl>AREASYMBOL</attrlabl>
				<attalias>AREASYMBOL</attalias>
				<attrdef>area symbol</attrdef>
				<attrdomv/>
			</attr>
			<attr>
				<attrlabl>MUSYM</attrlabl>
				<attalias>MUSYM</attalias>
				<attrdef>map unit symbol</attrdef>
				<attrdomv/>
			</attr>
			<attr>
				<attrlabl>MUKEY</attrlabl>
				<attalias>MUKEY</attalias>
				<attrdef>map unit key</attrdef>
				<attrdomv/>
			</attr>
			<attr>
				<attrlabl>Key</attrlabl>
				<attalias>Key</attalias>
				<attrdef>map unit key</attrdef>
				<attrdomv/>
			</attr>
			<attr>
				<attrlabl>Series</attrlabl>
				<attalias>Series</attalias>
				<attrdef>Dominant soil series</attrdef>
				<attrdomv/>
			</attr>
			<attr>
				<attrlabl>Type</attrlabl>
				<attalias>Type</attalias>
				<attrdef>series, family, etc</attrdef>
				<attrdomv/>
			</attr>
			<attr>
				<attrlabl>drainage</attrlabl>
				<attalias>drainage</attalias>
				<attrdef>dominant drainage class</attrdef>
				<attrdomv/>
			</attr>
			<attr>
				<attrlabl>suffix</attrlabl>
				<attalias>suffix</attalias>
				<attrdef>B horizon modifying suffix</attrdef>
				<attrdomv/>
			</attr>
			<attr>
				<attrlabl>Hydro_G</attrlabl>
				<attalias>Hydro_G</attalias>
				<attrdef>dominant hydrologic group</attrdef>
				<attrdomv/>
			</attr>
			<attr>
				<attrlabl>descriptio</attrlabl>
				<attalias>descriptio</attalias>
				<attrdef>soil taxonomic description</attrdef>
				<attrdomv/>
			</attr>
			<attr>
				<attrlabl>order_</attrlabl>
				<attalias>order_</attalias>
				<attrdef>soil order</attrdef>
				<attrdomv/>
			</attr>
			<attr>
				<attrlabl>suborder</attrlabl>
				<attalias>suborder</attalias>
				<attrdef>soil suborder</attrdef>
				<attrdomv/>
			</attr>
			<attr>
				<attrlabl>Great_grou</attrlabl>
				<attalias>Great_grou</attalias>
				<attrdef>soil great group</attrdef>
				<attrdomv/>
			</attr>
			<attr>
				<attrlabl>Subgroup</attrlabl>
				<attalias>Subgroup</attalias>
				<attrdef>soil subrgroup</attrdef>
				<attrdomv/>
			</attr>
			<attr>
				<attrlabl>texture</attrlabl>
				<attalias>texture</attalias>
				<attrdef>dominant texture</attrdef>
				<attrdomv/>
			</attr>
			<attr>
				<attrlabl>minerology</attrlabl>
				<attalias>minerology</attalias>
				<attrdef>dominant minerology</attrdef>
				<attrdomv/>
			</attr>
			<attr>
				<attrlabl>salt</attrlabl>
				<attalias>salt</attalias>
				<attrdef>salt accumulations</attrdef>
				<attrdomv/>
			</attr>
			<attr>
				<attrlabl>climate</attrlabl>
				<attalias>climate</attalias>
				<attrdef>soil climate regime</attrdef>
				<attrdomv/>
			</attr>
			<attr>
				<attrlabl>Key1</attrlabl>
				<attalias>Key1</attalias>
				<attrdef>map unit key</attrdef>
				<attrdomv/>
			</attr>
		</detailed>
	</eainfo>
	<distinfo>
		<resdesc>State Soil Geographic (STATSGO2) data base for California</resdesc>
		<distrib>
			<cntinfo>
				<cntorgp>
					<cntorg>Data Basin (www.databasin.org)</cntorg>
				</cntorgp>
				<cntemail>databasin@consbio.org</cntemail>
				<cntorgp/>
			</cntinfo>
			<cntinfo/>
			<cntinfo/>
		</distrib>
		<stdorder>
			<digform>
				<digtopt>
					<onlinopt>
						<computer>
							<networka>
								<networkr>http://app.databasin.org/app/pages/datasetPage.jsp?id=1ff4328039f948529c33e7e71bb9b5fc</networkr>
							</networka>
						</computer>
					</onlinopt>
				</digtopt>
			</digform>
		</stdorder>
	</distinfo>
	<Esri><CreaDate>20110512</CreaDate><CreaTime>05182800</CreaTime><ArcGISFormat>1.0</ArcGISFormat><SyncOnce>TRUE</SyncOnce><DataProperties><itemProps><itemLocation><linkage Sync="TRUE">file://\\IP-0A5317A4\C\arcgisserver\services\im2\1ff4328039f948529c33e7e71bb9b5fc\1ff4328039f948529c33e7e71bb9b5fc\commondata\data0\Cal_STATSGO2</linkage><protocol Sync="TRUE">Local Area Network</protocol></itemLocation></itemProps><copyHistory><copy source="C:\arcgisserver\services\im2\1ff4328039f948529c33e7e71bb9b5fc\commondata\data0\Cal_STATSGO2" dest="\\IP-0A5317A4\C\arcgisserver\services\im2\1ff4328039f948529c33e7e71bb9b5fc\1ff4328039f948529c33e7e71bb9b5fc\commondata\data0\Cal_STATSGO2" date="20110512" time="05182800"></copy></copyHistory></DataProperties></Esri></metadata>
